t,x,y,endpoint_clearance
0.000000000000000000e+00,0.000000000000000000e+00,2.191386997143268678e-02,2.202733097813672103e+00
8.000000000000000444e-01,8.959072847767490799e-01,2.308706558874763781e-02,1.307916755276741894e+00
1.600000000000000089e+00,1.791724944292457211e+00,2.524845044813670003e-02,4.146981350774590069e-01
2.400000000000000355e+00,2.213158525917982011e+00,-1.863583825678869627e-02,4.709606802437038553e-03
3.200000000000000178e+00,2.252089114077242549e+00,-1.778092133436160738e-01,1.659633457095810449e-02
4.000000000000000000e+00,2.382125092825658985e+00,-4.331492546921926756e-01,4.960723523505872201e-02
4.799999999999999822e+00,2.744947106825137872e+00,-7.453025341148081795e-01,1.309235231259681109e-01
5.599999999999999645e+00,3.455052472257015950e+00,-8.114641255845211898e-01,2.637133153689625864e-01
6.399999999999999467e+00,4.176176717607248179e+00,-4.816646897472309230e-01,5.350625271180469156e-01
7.199999999999999289e+00,4.865082402406161854e+00,-2.319704645167106338e-01,1.103794580181446827e+00
7.999999999999999112e+00,5.554829715551829139e+00,-5.250624875627457611e-02,1.762842885596379583e+00
8.799999999999998934e+00,5.815266103658092156e+00,-2.915689204464513851e-03,2.019415975412477415e+00
9.599999999999999645e+00,5.867194522225223530e+00,4.623580958904256744e-03,2.070877693579358692e+00
