experiment,method,dt,offset,regime,seed,status,min_clearance,time,calls,fallback,total_call_wall_ms,mean_call_ms,max_call_ms,deadline_misses_10ms
matched_baseline,SRCBF,0.2,0.15,bias,0,arrived,0.07797391332687043,10.199999999999996,51,0,0.602214,0.011808117647058823,0.078007,0
matched_baseline,CAP,0.2,0.15,bias,0,arrived,0.055600199704528896,10.199999999999996,51,0,0.513604,0.010070666666666665,0.066781,0
matched_baseline,MPC-CBF-3,0.2,0.15,bias,0,arrived,0.09209503710349964,9.2,46,0,153.075088,3.327719304347826,7.672944,0
matched_baseline,SRCBF,0.2,0.15,bias,1,arrived,0.03413225527925057,7.200000000000004,36,0,0.376305,0.010452916666666666,0.049835,0
matched_baseline,CAP,0.2,0.15,bias,1,arrived,0.020053088435296185,7.200000000000004,36,0,0.322856,0.008968222222222223,0.032659,0
matched_baseline,MPC-CBF-3,0.2,0.15,bias,1,arrived,0.09993194809203343,6.200000000000003,31,0,91.707095,2.9582933870967745,6.711195,0
matched_baseline,SRCBF,0.2,0.15,bias,2,arrived,0.08094106948386215,10.999999999999993,55,0,0.825409,0.015007436363636363,0.228484,0
matched_baseline,CAP,0.2,0.15,bias,2,arrived,0.05846314745768377,10.799999999999994,54,0,0.560936,0.010387703703703705,0.081113,0
matched_baseline,MPC-CBF-3,0.2,0.15,bias,2,arrived,0.050154486136240184,8.400000000000002,42,0,134.694274,3.207006523809524,6.755602,0
matched_baseline,SRCBF,0.2,0.15,bias,3,arrived,0.0602032496362217,10.399999999999995,52,0,0.598932,0.011517923076923077,0.078999,0
matched_baseline,CAP,0.2,0.15,bias,3,arrived,0.04250722597914258,10.199999999999996,51,0,0.448817,0.008800333333333334,0.014492,0
matched_baseline,MPC-CBF-3,0.2,0.15,bias,3,arrived,0.04875196714974783,7.600000000000004,38,0,126.986102,3.3417395263157896,8.55298,0
matched_baseline,SRCBF,0.2,0.15,bias,4,arrived,0.09176049922562479,11.199999999999992,56,0,0.536561,0.009581446428571429,0.015894,0
matched_baseline,CAP,0.2,0.15,bias,4,arrived,0.06865111307514937,10.999999999999993,55,0,0.472645,0.008593545454545454,0.014592,0
matched_baseline,MPC-CBF-3,0.2,0.15,bias,4,arrived,0.09993681998618709,9.399999999999999,47,0,150.535761,3.2028885319148936,7.617982,0
matched_baseline,SRCBF,0.2,0.15,bias,5,arrived,0.08878922675350964,8.000000000000004,40,0,0.45023,0.01125575,0.075504,0
matched_baseline,CAP,0.2,0.15,bias,5,arrived,0.0605087554030872,7.800000000000004,39,0,0.322984,0.008281641025641025,0.014042,0
matched_baseline,MPC-CBF-3,0.2,0.15,bias,5,arrived,0.14159261542238855,7.400000000000004,37,0,112.598475,3.0432020270270272,6.027345,0
matched_baseline,SRCBF,0.2,0.15,bias,6,arrived,0.09244136222780452,11.399999999999991,57,0,0.651356,0.011427298245614035,0.06582,0
matched_baseline,CAP,0.2,0.15,bias,6,arrived,0.0675857081141954,11.399999999999991,57,0,0.50804,0.008912982456140351,0.014492,0
matched_baseline,MPC-CBF-3,0.2,0.15,bias,6,arrived,0.05485655333319828,9.0,45,0,153.816715,3.418149222222222,7.806646,0
matched_baseline,SRCBF,0.2,0.15,bias,7,arrived,0.05500244687539879,7.200000000000004,36,0,0.39948,0.011096666666666666,0.069165,0
matched_baseline,CAP,0.2,0.15,bias,7,arrived,0.03555337178376061,7.200000000000004,36,0,0.343794,0.009549833333333334,0.048593,0
matched_baseline,MPC-CBF-3,0.2,0.15,bias,7,arrived,0.11659935983290415,6.600000000000003,33,0,96.224595,2.9158968181818183,6.080764,0
matched_baseline,SRCBF,0.2,0.15,bias,8,arrived,0.022658411790138167,7.200000000000004,36,0,0.35104,0.009751111111111111,0.016014,0
matched_baseline,CAP,0.2,0.15,bias,8,arrived,0.012146142671486393,7.200000000000004,36,0,0.416154,0.011559833333333333,0.062333,0
matched_baseline,MPC-CBF-3,0.2,0.15,bias,8,arrived,0.08841624123719627,6.200000000000003,31,0,95.505521,3.0808232580645165,6.517433,0
matched_baseline,SRCBF,0.2,0.15,bias,9,arrived,0.08511015074135242,10.399999999999995,52,0,0.50842,0.009777307692307691,0.01968,0
matched_baseline,CAP,0.2,0.15,bias,9,arrived,0.06104278165450161,10.199999999999996,51,0,0.430856,0.008448156862745098,0.013871,0
matched_baseline,MPC-CBF-3,0.2,0.15,bias,9,arrived,0.12296963531002814,9.0,45,0,145.143839,3.2254186444444444,6.756884,0
matched_baseline,SRCBF,0.2,0.15,bias,10,arrived,0.06147002719260186,9.399999999999999,47,0,0.455316,0.009687574468085106,0.021742,0
matched_baseline,CAP,0.2,0.15,bias,10,arrived,0.042304305504289874,9.2,46,0,0.425149,0.009242369565217392,0.027491,0
matched_baseline,MPC-CBF-3,0.2,0.15,bias,10,arrived,0.10424528883462425,8.200000000000003,41,0,134.055305,3.2696415853658536,7.325662,0
matched_baseline,SRCBF,0.2,0.15,bias,11,arrived,0.0887189656199261,10.799999999999994,54,0,0.514231,0.009522796296296295,0.022964,0
matched_baseline,CAP,0.2,0.15,bias,11,arrived,0.06662488111588794,10.599999999999994,53,0,0.537322,0.010138150943396226,0.082604,0
matched_baseline,MPC-CBF-3,0.2,0.15,bias,11,arrived,0.09776342322038212,9.2,46,0,140.078903,3.045193543478261,7.05306,0
matched_baseline,SRCBF,0.2,0.15,bias,12,arrived,0.039345921133721706,7.0000000000000036,35,0,0.327985,0.009371,0.016565,0
matched_baseline,CAP,0.2,0.15,bias,12,arrived,0.02357700909898086,7.0000000000000036,35,0,0.31802,0.009086285714285713,0.024947,0
matched_baseline,MPC-CBF-3,0.2,0.15,bias,12,arrived,0.10242769128947282,6.200000000000003,31,0,85.59819,2.7612319354838712,5.714312,0
matched_baseline,SRCBF,0.2,0.15,bias,13,arrived,0.06961776624323734,7.600000000000004,38,0,0.341046,0.008974894736842105,0.016364,0
matched_baseline,CAP,0.2,0.15,bias,13,arrived,0.04642922762853696,7.400000000000004,37,0,0.30552,0.008257297297297296,0.013901,0
matched_baseline,MPC-CBF-3,0.2,0.15,bias,13,arrived,0.1282431932797825,6.800000000000003,34,0,92.307012,2.7149121176470588,5.616595,0
matched_baseline,SRCBF,0.2,0.15,bias,14,arrived,0.09741281031450977,11.59999999999999,58,0,0.631087,0.010880810344827588,0.059399,0
matched_baseline,CAP,0.2,0.15,bias,14,arrived,0.07136063866245335,11.399999999999991,57,0,0.528964,0.009280070175438597,0.019329,0
matched_baseline,MPC-CBF-3,0.2,0.15,bias,14,arrived,0.0573780605864076,9.399999999999999,47,0,157.910191,3.35979129787234,8.221451,0
matched_baseline,SRCBF,0.2,0.15,bias,15,arrived,0.08751076429766258,7.800000000000004,39,0,0.376112,0.009643897435897436,0.036876,0
matched_baseline,CAP,0.2,0.15,bias,15,arrived,0.059455229926055786,7.800000000000004,39,0,0.386788,0.009917641025641025,0.07288,0
matched_baseline,MPC-CBF-3,0.2,0.15,bias,15,arrived,0.14045250986674007,7.200000000000004,36,0,99.521964,2.764499,6.247486,0
matched_baseline,SRCBF,0.2,0.15,bias,16,arrived,0.0680732666314845,13.199999999999985,66,0,0.696344,0.010550666666666667,0.035313,0
matched_baseline,CAP,0.2,0.15,bias,16,arrived,0.050096441736220076,12.999999999999986,65,0,0.622103,0.009570815384615386,0.031036,0
matched_baseline,MPC-CBF-3,0.2,0.15,bias,16,arrived,0.07439288415585332,9.2,46,0,145.487877,3.1627799347826087,7.439453,0
matched_baseline,SRCBF,0.2,0.15,bias,17,arrived,0.040814405728648695,9.2,46,0,0.465643,0.010122673913043478,0.040941,0
matched_baseline,CAP,0.2,0.15,bias,17,arrived,0.027451232768927802,9.0,45,0,0.399316,0.008873688888888889,0.01354,0
matched_baseline,MPC-CBF-3,0.2,0.15,bias,17,arrived,0.042539710586254165,7.600000000000004,38,0,122.029,3.2112894736842104,7.087141,0
matched_baseline,SRCBF,0.2,0.15,bias,18,arrived,0.1161408730340685,8.8,44,0,0.379902,0.008634136363636365,0.016094,0
matched_baseline,CAP,0.2,0.15,bias,18,arrived,0.0830650892553223,8.600000000000001,43,0,0.339184,0.007888,0.014492,0
matched_baseline,MPC-CBF-3,0.2,0.15,bias,18,arrived,0.14866456380814685,8.200000000000003,41,0,118.657557,2.8940867560975607,5.887434,0
matched_baseline,SRCBF,0.2,0.15,bias,19,arrived,0.04571160791827367,7.200000000000004,36,0,0.336898,0.009358277777777778,0.016806,0
matched_baseline,CAP,0.2,0.15,bias,19,arrived,0.028406366543368367,7.0000000000000036,35,0,0.308641,0.008818314285714286,0.031037,0
matched_baseline,MPC-CBF-3,0.2,0.15,bias,19,arrived,0.10839305665949883,6.400000000000003,32,0,91.306762,2.8533363125,6.794791,0
matched_baseline,SRCBF,0.2,0.15,inward,0,arrived,0.007937317223707607,9.799999999999997,49,0,0.456456,0.00931542857142857,0.016124,0
matched_baseline,CAP,0.2,0.15,inward,0,arrived,0.003741408823587311,9.799999999999997,49,0,0.409272,0.008352489795918367,0.014021,0
matched_baseline,MPC-CBF-3,0.2,0.15,inward,0,arrived,0.04848642171967321,8.600000000000001,43,0,151.430558,3.5216408837209303,7.329477,0
matched_baseline,SRCBF,0.2,0.15,inward,1,arrived,0.008658899094975192,9.799999999999997,49,0,0.611723,0.012484142857142857,0.130267,0
matched_baseline,CAP,0.2,0.15,inward,1,arrived,0.004089645504852912,9.799999999999997,49,0,0.427527,0.00872504081632653,0.014321,0
matched_baseline,MPC-CBF-3,0.2,0.15,inward,1,arrived,0.0494768830317851,8.600000000000001,43,0,151.296971,3.5185342093023255,11.515345,1
matched_baseline,SRCBF,0.2,0.15,inward,2,arrived,0.010192759317092515,9.599999999999998,48,0,0.627537,0.0130736875,0.088323,0
matched_baseline,CAP,0.2,0.15,inward,2,arrived,0.004833211910170276,9.599999999999998,48,0,0.415282,0.008651708333333334,0.015574,0
matched_baseline,MPC-CBF-3,0.2,0.15,inward,2,arrived,0.05011649666994222,8.600000000000001,43,0,153.220988,3.5632787906976744,10.617983,1
matched_baseline,SRCBF,0.2,0.15,inward,3,arrived,0.011173098209613208,9.599999999999998,48,0,0.49808,0.010376666666666666,0.029554,0
matched_baseline,CAP,0.2,0.15,inward,3,arrived,0.005392279388677701,9.599999999999998,48,0,0.562176,0.011712,0.079259,0
matched_baseline,MPC-CBF-3,0.2,0.15,inward,3,arrived,0.0501516727678768,8.400000000000002,42,0,136.099436,3.2404627619047623,6.918998,0
matched_baseline,SRCBF,0.2,0.15,inward,4,arrived,0.006314402337211811,9.999999999999996,50,0,0.469665,0.009393299999999999,0.015693,0
matched_baseline,CAP,0.2,0.15,inward,4,arrived,0.002831768815084734,9.999999999999996,50,0,0.427174,0.008543479999999999,0.013931,0
matched_baseline,MPC-CBF-3,0.2,0.15,inward,4,arrived,0.04842364489712947,8.600000000000001,43,0,136.46773,3.173668139534884,6.431293,0
matched_baseline,SRCBF,0.2,0.15,inward,5,arrived,0.007020631468426908,9.999999999999996,50,0,0.466103,0.00932206,0.017086,0
matched_baseline,CAP,0.2,0.15,inward,5,arrived,0.003267546557514378,9.999999999999996,50,0,0.438204,0.00876408,0.030155,0
matched_baseline,MPC-CBF-3,0.2,0.15,inward,5,arrived,0.048451920041071905,8.600000000000001,43,0,137.471361,3.197008395348837,8.96362,0
matched_baseline,SRCBF,0.2,0.15,inward,6,arrived,0.008504344714269307,9.799999999999997,49,0,0.457357,0.009333816326530612,0.016845,0
matched_baseline,CAP,0.2,0.15,inward,6,arrived,0.004015013544160562,9.799999999999997,49,0,0.436788,0.00891404081632653,0.02653,0
matched_baseline,MPC-CBF-3,0.2,0.15,inward,6,arrived,0.049039723853553374,8.600000000000001,43,0,127.139176,2.9567250232558138,6.561389,0
matched_baseline,SRCBF,0.2,0.15,inward,7,arrived,0.008004348706683762,9.799999999999997,49,0,0.520445,0.010621326530612245,0.058739,0
matched_baseline,CAP,0.2,0.15,inward,7,arrived,0.0037737446569534594,9.799999999999997,49,0,0.526383,0.010742510204081632,0.075795,0
matched_baseline,MPC-CBF-3,0.2,0.15,inward,7,arrived,0.04848886218582493,8.600000000000001,43,0,136.84146,3.182359534883721,6.399114,0
matched_baseline,SRCBF,0.2,0.15,inward,8,arrived,0.009781087415328571,9.599999999999998,48,0,0.55417,0.011545208333333334,0.087471,0
matched_baseline,CAP,0.2,0.15,inward,8,arrived,0.004633008194422139,9.599999999999998,48,0,0.416979,0.0086870625,0.024707,0
matched_baseline,MPC-CBF-3,0.2,0.15,inward,8,arrived,0.050104229771553266,8.600000000000001,43,0,132.373304,3.078448930232558,7.029955,0
matched_baseline,SRCBF,0.2,0.15,inward,9,arrived,0.0066815102733635,9.999999999999996,50,0,0.497318,0.009946360000000001,0.038919,0
matched_baseline,CAP,0.2,0.15,inward,9,arrived,0.003057570265228793,9.999999999999996,50,0,0.46113,0.009222600000000001,0.029535,0
matched_baseline,MPC-CBF-3,0.2,0.15,inward,9,arrived,0.04843855054532742,8.600000000000001,43,0,136.94533,3.1847751162790696,7.574366,0
matched_baseline,SRCBF,0.2,0.15,inward,10,arrived,0.006250380083419049,9.999999999999996,50,0,0.509278,0.01018556,0.033981,0
matched_baseline,CAP,0.2,0.15,inward,10,arrived,0.002792575473496095,9.999999999999996,50,0,0.424138,0.00848276,0.014011,0
matched_baseline,MPC-CBF-3,0.2,0.15,inward,10,arrived,0.048420995844430825,8.600000000000001,43,0,145.503804,3.383809395348837,8.232293,0
matched_baseline,SRCBF,0.2,0.15,inward,11,arrived,0.010950256041082795,9.599999999999998,48,0,0.48202,0.010042083333333333,0.039991,0
matched_baseline,CAP,0.2,0.15,inward,11,arrived,0.005253278546430651,9.599999999999998,48,0,0.393509,0.008198104166666666,0.014793,0
matched_baseline,MPC-CBF-3,0.2,0.15,inward,11,arrived,0.05014276661619943,8.400000000000002,42,0,130.803746,3.1143749047619047,6.890966,0
matched_baseline,SRCBF,0.2,0.15,inward,12,arrived,0.01026140844824508,9.599999999999998,48,0,0.443782,0.009245458333333335,0.016205,0
matched_baseline,CAP,0.2,0.15,inward,12,arrived,0.004866651586409865,9.599999999999998,48,0,0.423526,0.008823458333333334,0.037426,0
matched_baseline,MPC-CBF-3,0.2,0.15,inward,12,arrived,0.05011856459736508,8.400000000000002,42,0,133.205845,3.171567738095238,7.499322,0
matched_baseline,SRCBF,0.2,0.15,inward,13,arrived,0.006709479457011169,9.999999999999996,50,0,0.511148,0.01022296,0.036795,0
matched_baseline,CAP,0.2,0.15,inward,13,arrived,0.0030748414006906977,9.999999999999996,50,0,0.483974,0.009679479999999999,0.06691,0
matched_baseline,MPC-CBF-3,0.2,0.15,inward,13,arrived,0.048439667136079945,8.600000000000001,43,0,142.708654,3.318805906976744,8.344998,0
matched_baseline,SRCBF,0.2,0.15,inward,14,arrived,0.006884453697842741,9.999999999999996,50,0,0.474241,0.00948482,0.016044,0
matched_baseline,CAP,0.2,0.15,inward,14,arrived,0.0031830844101899958,9.999999999999996,50,0,0.419435,0.0083887,0.014232,0
matched_baseline,MPC-CBF-3,0.2,0.15,inward,14,arrived,0.04844659486097258,8.600000000000001,43,0,130.544216,3.035912,6.407397,0
matched_baseline,SRCBF,0.2,0.15,inward,15,arrived,0.007626221036428071,9.799999999999997,49,0,0.489544,0.00999069387755102,0.047822,0
matched_baseline,CAP,0.2,0.15,inward,15,arrived,0.0035913204671845778,9.799999999999997,49,0,0.423656,0.008646040816326531,0.014512,0
matched_baseline,MPC-CBF-3,0.2,0.15,inward,15,arrived,0.04847496609773183,8.600000000000001,43,0,145.172148,3.3760964651162793,13.394919,1
matched_baseline,SRCBF,0.2,0.15,inward,16,arrived,0.008337250811942143,9.799999999999997,49,0,0.481623,0.009829040816326531,0.042013,0
matched_baseline,CAP,0.2,0.15,inward,16,arrived,0.0039343608854517376,9.799999999999997,49,0,0.537384,0.010967020408163266,0.127131,0
matched_baseline,MPC-CBF-3,0.2,0.15,inward,16,arrived,0.04853969778915401,8.600000000000001,43,0,141.281873,3.285624953488372,11.328955,1
matched_baseline,SRCBF,0.2,0.15,inward,17,arrived,0.006811224386117032,9.999999999999996,50,0,0.471169,0.009423379999999999,0.016565,0
matched_baseline,CAP,0.2,0.15,inward,17,arrived,0.0031377430699038866,9.999999999999996,50,0,0.438967,0.00877934,0.018799,0
matched_baseline,MPC-CBF-3,0.2,0.15,inward,17,arrived,0.048443707480752995,8.600000000000001,43,0,136.899914,3.183718930232558,7.187201,0
matched_baseline,SRCBF,0.2,0.15,inward,18,arrived,0.009334328805898684,9.799999999999997,49,0,0.471386,0.009620122448979591,0.025258,0
matched_baseline,CAP,0.2,0.15,inward,18,arrived,0.004416319155032822,9.599999999999998,48,0,0.481571,0.010032729166666665,0.087842,0
matched_baseline,MPC-CBF-3,0.2,0.15,inward,18,arrived,0.050076900086469145,8.600000000000001,43,0,141.951525,3.3011982558139534,10.477652,1
matched_baseline,SRCBF,0.2,0.15,inward,19,arrived,0.009205984737293393,9.799999999999997,49,0,0.449479,0.009173040816326531,0.016175,0
matched_baseline,CAP,0.2,0.15,inward,19,arrived,0.004354167800796671,9.599999999999998,48,0,0.442895,0.009226979166666666,0.04004,0
matched_baseline,MPC-CBF-3,0.2,0.15,inward,19,arrived,0.050068810464726554,8.600000000000001,43,0,136.879928,3.1832541395348835,6.764866,0
matched_baseline,SRCBF,0.2,0.45,bias,0,arrived,0.03671470323611592,8.8,44,0,0.415419,0.00944134090909091,0.015864,0
matched_baseline,CAP,0.2,0.45,bias,0,arrived,0.026675378258342985,8.8,44,0,1.328724,0.030198272727272726,0.904142,0
matched_baseline,MPC-CBF-3,0.2,0.45,bias,0,arrived,0.051960827664759845,7.600000000000004,38,0,115.686323,3.0443769210526312,5.687392,0
matched_baseline,SRCBF,0.2,0.45,bias,1,arrived,0.07632232660622973,6.400000000000003,32,0,0.287129,0.00897278125,0.016224,0
matched_baseline,CAP,0.2,0.45,bias,1,arrived,0.04999876876786047,6.200000000000003,31,0,0.2506,0.008083870967741935,0.014502,0
matched_baseline,MPC-CBF-3,0.2,0.45,bias,1,arrived,0.1128179315894493,6.000000000000003,30,0,80.278301,2.6759433666666665,6.242568,0
matched_baseline,SRCBF,0.2,0.45,bias,2,arrived,0.042382512703183384,9.0,45,0,0.708969,0.015754866666666666,0.248645,0
matched_baseline,CAP,0.2,0.45,bias,2,arrived,0.03089811095388395,8.8,44,0,0.403892,0.009179363636363637,0.036545,0
matched_baseline,MPC-CBF-3,0.2,0.45,bias,2,arrived,0.05300598838066628,8.000000000000004,40,0,117.22682,2.9306705,5.802916,0
matched_baseline,SRCBF,0.2,0.45,bias,3,arrived,0.03139948347127497,8.200000000000003,41,0,0.404969,0.009877292682926829,0.035303,0
matched_baseline,CAP,0.2,0.45,bias,3,arrived,0.021915710626226104,8.000000000000004,40,0,0.354583,0.008864575000000001,0.03317,0
matched_baseline,MPC-CBF-3,0.2,0.45,bias,3,arrived,0.051479454913821776,7.200000000000004,36,0,114.050652,3.1680736666666665,6.091371,0
matched_baseline,SRCBF,0.2,0.45,bias,4,arrived,0.1002652140074054,9.599999999999998,48,0,0.654226,0.013629708333333334,0.195214,0
matched_baseline,CAP,0.2,0.45,bias,4,arrived,0.07267043940635975,9.399999999999999,47,0,0.372398,0.00792336170212766,0.015523,0
matched_baseline,MPC-CBF-3,0.2,0.45,bias,4,arrived,0.11023077632306755,9.2,46,0,143.910806,3.1284957826086957,7.316207,0
matched_baseline,SRCBF,0.2,0.45,bias,5,arrived,0.12656683336072583,7.200000000000004,36,0,0.370449,0.01029025,0.071408,0
matched_baseline,CAP,0.2,0.45,bias,5,arrived,0.09011916749515192,7.200000000000004,36,0,0.318108,0.008836333333333333,0.049915,0
matched_baseline,MPC-CBF-3,0.2,0.45,bias,5,arrived,0.1497470095547021,7.0000000000000036,35,0,96.127932,2.7465123428571427,6.852628,0
matched_baseline,SRCBF,0.2,0.45,bias,6,arrived,0.049866571856732045,9.399999999999999,47,0,0.497041,0.010575340425531914,0.07991,0
matched_baseline,CAP,0.2,0.45,bias,6,arrived,0.03689854778751522,9.399999999999999,47,0,0.386772,0.0082291914893617,0.014632,0
matched_baseline,MPC-CBF-3,0.2,0.45,bias,6,arrived,0.06230542418241325,8.400000000000002,42,0,121.3892,2.8902190476190475,6.795522,0
matched_baseline,SRCBF,0.2,0.45,bias,7,arrived,0.09741362795939612,6.600000000000003,33,0,0.298723,0.009052212121212122,0.020812,0
matched_baseline,CAP,0.2,0.45,bias,7,arrived,0.06729720046480359,6.400000000000003,32,0,0.2782,0.00869375,0.041453,0
matched_baseline,MPC-CBF-3,0.2,0.45,bias,7,arrived,0.1298864566498369,6.400000000000003,32,0,88.400743,2.76252321875,6.207436,0
matched_baseline,SRCBF,0.2,0.45,bias,8,arrived,0.06304033832628386,6.200000000000003,31,0,0.276429,0.008917064516129032,0.017296,0
matched_baseline,CAP,0.2,0.45,bias,8,arrived,0.04025792394814154,6.200000000000003,31,0,0.25297,0.008160322580645162,0.014662,0
matched_baseline,MPC-CBF-3,0.2,0.45,bias,8,arrived,0.10094824586846185,6.000000000000003,30,0,79.925971,2.6641990333333334,5.960263,0
matched_baseline,SRCBF,0.2,0.45,bias,9,arrived,0.039982370539734746,9.2,46,0,0.43036,0.009355652173913044,0.016776,0
matched_baseline,CAP,0.2,0.45,bias,9,arrived,0.02916506686017728,9.0,45,0,0.43784,0.009729777777777778,0.036495,0
matched_baseline,MPC-CBF-3,0.2,0.45,bias,9,arrived,0.05197021453444839,7.800000000000004,39,0,121.474919,3.114741512820513,5.954053,0
matched_baseline,SRCBF,0.2,0.45,bias,10,arrived,0.025244034215876066,8.200000000000003,41,0,0.63051,0.01537829268292683,0.206752,0
matched_baseline,CAP,0.2,0.45,bias,10,arrived,0.017610375821430102,8.000000000000004,40,0,0.375104,0.0093776,0.036185,0
matched_baseline,MPC-CBF-3,0.2,0.45,bias,10,arrived,0.05184441142321494,7.0000000000000036,35,0,111.708515,3.191671857142857,6.794631,0
matched_baseline,SRCBF,0.2,0.45,bias,11,arrived,0.09450460637508973,9.399999999999999,47,0,0.569094,0.012108382978723405,0.104237,0
matched_baseline,CAP,0.2,0.45,bias,11,arrived,0.07130600712657431,9.399999999999999,47,0,0.379164,0.00806731914893617,0.03331,0
matched_baseline,MPC-CBF-3,0.2,0.45,bias,11,arrived,0.10678755239559157,9.2,46,0,130.66587,2.840562391304348,5.755817,0
matched_baseline,SRCBF,0.2,0.45,bias,12,arrived,0.08132625572729546,6.400000000000003,32,0,0.330624,0.010332,0.052439,0
matched_baseline,CAP,0.2,0.45,bias,12,arrived,0.05359037626488261,6.200000000000003,31,0,0.24073,0.007765483870967742,0.014071,0
matched_baseline,MPC-CBF-3,0.2,0.45,bias,12,arrived,0.11539062701291314,6.000000000000003,30,0,79.444104,2.6481367999999996,7.142876,0
matched_baseline,SRCBF,0.2,0.45,bias,13,arrived,0.11057293011799374,6.800000000000003,34,0,0.292551,0.008604441176470587,0.016565,0
matched_baseline,CAP,0.2,0.45,bias,13,arrived,0.07851906579005119,6.800000000000003,34,0,0.281236,0.00827164705882353,0.028292,0
matched_baseline,MPC-CBF-3,0.2,0.45,bias,13,arrived,0.14092392461745695,6.600000000000003,33,0,88.003942,2.666786121212121,6.6472,0
matched_baseline,SRCBF,0.2,0.45,bias,14,arrived,0.05474535994666496,9.599999999999998,48,0,0.46324,0.009650833333333334,0.035263,0
matched_baseline,CAP,0.2,0.45,bias,14,arrived,0.038865123045157324,9.599999999999998,48,0,0.414004,0.008625083333333334,0.034442,0
matched_baseline,MPC-CBF-3,0.2,0.45,bias,14,arrived,0.06413680882395645,8.600000000000001,43,0,124.001045,2.8837452325581396,6.428651,0
matched_baseline,SRCBF,0.2,0.45,bias,15,arrived,0.1257535442906058,7.200000000000004,36,0,0.514353,0.014287583333333334,0.069565,0
matched_baseline,CAP,0.2,0.45,bias,15,arrived,0.08937600411636237,7.0000000000000036,35,0,0.36635,0.010467142857142857,0.077567,0
matched_baseline,MPC-CBF-3,0.2,0.45,bias,15,arrived,0.14860613956781232,7.0000000000000036,35,0,94.022237,2.6863496285714286,6.022509,0
matched_baseline,SRCBF,0.2,0.45,bias,16,arrived,0.07143131015651649,9.599999999999998,48,0,0.450665,0.009388854166666667,0.042354,0
matched_baseline,CAP,0.2,0.45,bias,16,arrived,0.05403419770054485,9.599999999999998,48,0,0.411667,0.008576395833333333,0.02676,0
matched_baseline,MPC-CBF-3,0.2,0.45,bias,16,arrived,0.0811468900881318,9.0,45,0,133.497046,2.966601022222222,5.719333,0
matched_baseline,SRCBF,0.2,0.45,bias,17,arrived,0.020994894011256093,7.400000000000004,37,0,0.391009,0.01056781081081081,0.056836,0
matched_baseline,CAP,0.2,0.45,bias,17,arrived,0.012963891254884619,7.400000000000004,37,0,0.31496,0.008512432432432432,0.014922,0
matched_baseline,MPC-CBF-3,0.2,0.45,bias,17,arrived,0.056341894945217574,6.600000000000003,33,0,91.10283,2.7606918181818183,5.508615,0
matched_baseline,SRCBF,0.2,0.45,bias,18,arrived,0.1422622829987772,8.000000000000004,40,0,0.446071,0.011151775,0.048383,0
matched_baseline,CAP,0.2,0.45,bias,18,arrived,0.10467211735256654,8.000000000000004,40,0,0.297709,0.007442725000000001,0.014452,0
matched_baseline,MPC-CBF-3,0.2,0.45,bias,18,arrived,0.15664230130779433,8.000000000000004,40,0,116.13738,2.9034345,7.288686,0
matched_baseline,SRCBF,0.2,0.45,bias,19,arrived,0.0880902328496933,6.400000000000003,32,0,0.348338,0.0108855625,0.061923,0
matched_baseline,CAP,0.2,0.45,bias,19,arrived,0.05907104609589964,6.400000000000003,32,0,0.246171,0.00769284375,0.014542,0
matched_baseline,MPC-CBF-3,0.2,0.45,bias,19,arrived,0.12161168692198288,6.200000000000003,31,0,89.398753,2.883830741935484,7.534616,0
matched_baseline,SRCBF,0.2,0.45,inward,0,arrived,0.0297223763907013,8.600000000000001,43,0,0.372503,0.008662860465116278,0.016375,0
matched_baseline,CAP,0.2,0.45,inward,0,arrived,0.01745678892556579,8.600000000000001,43,0,0.341295,0.007937093023255813,0.014722,0
matched_baseline,MPC-CBF-3,0.2,0.45,inward,0,arrived,0.054705436040704436,8.400000000000002,42,0,119.046817,2.8344480238095238,5.102433,0
matched_baseline,SRCBF,0.2,0.45,inward,1,arrived,0.030473092762425824,8.600000000000001,43,0,0.370237,0.008610162790697673,0.016294,0
matched_baseline,CAP,0.2,0.45,inward,1,arrived,0.017947241317703866,8.600000000000001,43,0,0.355073,0.008257511627906977,0.026991,0
matched_baseline,MPC-CBF-3,0.2,0.45,inward,1,arrived,0.054848234527458906,8.400000000000002,42,0,121.81729,2.9004116666666664,5.894137,0
matched_baseline,SRCBF,0.2,0.45,inward,2,arrived,0.03196204355697008,8.600000000000001,43,0,0.373113,0.008677046511627906,0.016875,0
matched_baseline,CAP,0.2,0.45,inward,2,arrived,0.018923521680425326,8.600000000000001,43,0,0.354323,0.008240069767441861,0.029915,0
matched_baseline,MPC-CBF-3,0.2,0.45,inward,2,arrived,0.05514260624485667,8.400000000000002,42,0,122.098486,2.9071068095238095,5.419671,0
matched_baseline,SRCBF,0.2,0.45,inward,3,arrived,0.032997719168239126,8.600000000000001,43,0,0.405209,0.00942346511627907,0.042534,0
matched_baseline,CAP,0.2,0.45,inward,3,arrived,0.019605253195169925,8.600000000000001,43,0,0.360989,0.008395093023255815,0.032068,0
matched_baseline,MPC-CBF-3,0.2,0.45,inward,3,arrived,0.05538273246310388,8.400000000000002,42,0,124.683127,2.9686458809523812,6.290073,0
matched_baseline,SRCBF,0.2,0.45,inward,4,arrived,0.02797730468157622,8.600000000000001,43,0,0.376158,0.008747860465116278,0.016455,0
matched_baseline,CAP,0.2,0.45,inward,4,arrived,0.016254348260452134,8.600000000000001,43,0,0.370871,0.008624906976744185,0.036184,0
matched_baseline,MPC-CBF-3,0.2,0.45,inward,4,arrived,0.05436921756033364,8.400000000000002,42,0,121.490354,2.892627476190476,6.615412,0
matched_baseline,SRCBF,0.2,0.45,inward,5,arrived,0.028744812924925922,8.600000000000001,43,0,0.403483,0.00938332558139535,0.036214,0
matched_baseline,CAP,0.2,0.45,inward,5,arrived,0.016796890382316243,8.600000000000001,43,0,0.337181,0.007841418604651164,0.014301,0
matched_baseline,MPC-CBF-3,0.2,0.45,inward,5,arrived,0.05451852021180348,8.400000000000002,42,0,122.852966,2.925070619047619,5.512271,0
matched_baseline,SRCBF,0.2,0.45,inward,6,arrived,0.0303153623499407,8.600000000000001,43,0,0.368364,0.00856660465116279,0.015784,0
matched_baseline,CAP,0.2,0.45,inward,6,arrived,0.01784409327188441,8.600000000000001,43,0,0.342142,0.007956790697674418,0.014092,0
matched_baseline,MPC-CBF-3,0.2,0.45,inward,6,arrived,0.054817923380972466,8.400000000000002,42,0,122.862227,2.925291119047619,5.516967,0
matched_baseline,SRCBF,0.2,0.45,inward,7,arrived,0.029793710895852255,8.600000000000001,43,0,0.405982,0.009441441860465116,0.03342,0
matched_baseline,CAP,0.2,0.45,inward,7,arrived,0.01750334016006605,8.600000000000001,43,0,0.360024,0.008372651162790698,0.033301,0
matched_baseline,MPC-CBF-3,0.2,0.45,inward,7,arrived,0.054718846018506295,8.400000000000002,42,0,126.388747,3.0092558809523813,6.757446,0
matched_baseline,SRCBF,0.2,0.45,inward,8,arrived,0.031574820652387814,8.600000000000001,43,0,0.368655,0.008573372093023255,0.016194,0
matched_baseline,CAP,0.2,0.45,inward,8,arrived,0.018669184108124792,8.600000000000001,43,0,0.353335,0.008217093023255816,0.02671,0
matched_baseline,MPC-CBF-3,0.2,0.45,inward,8,arrived,0.055064610212021914,8.400000000000002,42,0,120.517858,2.86947280952381,5.317748,0
matched_baseline,SRCBF,0.2,0.45,inward,9,arrived,0.028382536787289858,8.600000000000001,43,0,0.379831,0.008833279069767443,0.016335,0
matched_baseline,CAP,0.2,0.45,inward,9,arrived,0.016540476479301902,8.600000000000001,43,0,0.703005,0.016348953488372092,0.303257,0
matched_baseline,MPC-CBF-3,0.2,0.45,inward,9,arrived,0.05444747434436825,8.400000000000002,42,0,122.477116,2.9161218095238097,5.507934,0
matched_baseline,SRCBF,0.2,0.45,inward,10,arrived,0.027905153406977856,8.8,44,0,0.427142,0.009707772727272728,0.033851,0
matched_baseline,CAP,0.2,0.45,inward,10,arrived,0.01620347939670863,8.600000000000001,43,0,0.386346,0.008984790697674418,0.043696,0
matched_baseline,MPC-CBF-3,0.2,0.45,inward,10,arrived,0.054357187359555414,8.400000000000002,42,0,119.769106,2.851645380952381,5.686643,0
matched_baseline,SRCBF,0.2,0.45,inward,11,arrived,0.032746055420867726,8.600000000000001,43,0,0.393429,0.009149511627906977,0.035003,0
matched_baseline,CAP,0.2,0.45,inward,11,arrived,0.019439402185101096,8.600000000000001,43,0,0.332411,0.007730488372093023,0.014252,0
matched_baseline,MPC-CBF-3,0.2,0.45,inward,11,arrived,0.05532132978172111,8.400000000000002,42,0,124.995531,2.9760840714285712,6.326487,0
matched_baseline,SRCBF,0.2,0.45,inward,12,arrived,0.032025828253626654,8.600000000000001,43,0,0.405278,0.009425069767441861,0.036355,0
matched_baseline,CAP,0.2,0.45,inward,12,arrived,0.01896544624115737,8.600000000000001,43,0,0.345989,0.008046255813953488,0.016114,0
matched_baseline,MPC-CBF-3,0.2,0.45,inward,12,arrived,0.05515555338542488,8.400000000000002,42,0,130.333399,3.1031761666666666,6.256411,0
matched_baseline,SRCBF,0.2,0.45,inward,13,arrived,0.028412839700891923,8.600000000000001,43,0,0.375461,0.008731651162790698,0.015934,0
matched_baseline,CAP,0.2,0.45,inward,13,arrived,0.01656190210983255,8.600000000000001,43,0,0.355993,0.008278906976744185,0.015583,0
matched_baseline,MPC-CBF-3,0.2,0.45,inward,13,arrived,0.05445337740222422,8.400000000000002,42,0,118.825695,2.829183214285714,5.08034,0
matched_baseline,SRCBF,0.2,0.45,inward,14,arrived,0.028600663961829587,8.600000000000001,43,0,0.378577,0.008804116279069768,0.016154,0
matched_baseline,CAP,0.2,0.45,inward,14,arrived,0.016694793898493265,8.600000000000001,43,0,0.356887,0.008299697674418604,0.030546,0
matched_baseline,MPC-CBF-3,0.2,0.45,inward,14,arrived,0.05449012732342717,8.400000000000002,42,0,119.782387,2.851961595238095,5.311498,0
matched_baseline,SRCBF,0.2,0.45,inward,15,arrived,0.02938665875196622,8.600000000000001,43,0,0.400776,0.009320372093023256,0.033951,0
matched_baseline,CAP,0.2,0.45,inward,15,arrived,0.017237856901334836,8.600000000000001,43,0,0.359181,0.008353046511627906,0.028643,0
matched_baseline,MPC-CBF-3,0.2,0.45,inward,15,arrived,0.05464276675090707,8.400000000000002,42,0,132.977753,3.1661369761904763,15.183546,1
matched_baseline,SRCBF,0.2,0.45,inward,16,arrived,0.03014301511662676,8.600000000000001,43,0,0.400394,0.009311488372093023,0.030165,0
matched_baseline,CAP,0.2,0.45,inward,16,arrived,0.0177314475859901,8.600000000000001,43,0,0.380954,0.00885939534883721,0.047902,0
matched_baseline,MPC-CBF-3,0.2,0.45,inward,16,arrived,0.05478499189079267,8.400000000000002,42,0,116.865067,2.782501595238095,4.90707,0
matched_baseline,SRCBF,0.2,0.45,inward,17,arrived,0.028522419893508566,8.600000000000001,43,0,0.404855,0.009415232558139534,0.042263,0
matched_baseline,CAP,0.2,0.45,inward,17,arrived,0.01663941462817653,8.600000000000001,43,0,0.361394,0.008404511627906976,0.036325,0
matched_baseline,MPC-CBF-3,0.2,0.45,inward,17,arrived,0.054474784154478595,8.400000000000002,42,0,126.569669,3.0135635476190474,6.911828,0
matched_baseline,SRCBF,0.2,0.45,inward,18,arrived,0.031144814499658557,8.600000000000001,43,0,0.40581,0.009437441860465117,0.048593,0
matched_baseline,CAP,0.2,0.45,inward,18,arrived,0.01838710639332186,8.600000000000001,43,0,0.334587,0.007781093023255814,0.014442,0
matched_baseline,MPC-CBF-3,0.2,0.45,inward,18,arrived,0.0549791899664559,8.400000000000002,42,0,122.042721,2.9057790714285714,5.537629,0
matched_baseline,SRCBF,0.2,0.45,inward,19,arrived,0.031019263167217703,8.600000000000001,43,0,0.39967,0.009294651162790699,0.031678,0
matched_baseline,CAP,0.2,0.45,inward,19,arrived,0.018304819086508495,8.600000000000001,43,0,0.383229,0.008912302325581396,0.041333,0
matched_baseline,MPC-CBF-3,0.2,0.45,inward,19,arrived,0.054954484509762924,8.400000000000002,42,0,122.291624,2.9117053333333334,5.338559,0
matched_baseline,SRCBF,0.5,0.15,bias,0,arrived,0.10782375296482094,10.5,21,0,0.242886,0.011566,0.045949,0
matched_baseline,CAP,0.5,0.15,bias,0,arrived,0.07376762269595916,10.0,20,0,0.20635,0.0103175,0.030125,0
matched_baseline,MPC-CBF-3,0.5,0.15,bias,0,arrived,0.1348719727356913,8.5,17,0,82.507808,4.853400470588235,7.896121,0
matched_baseline,SRCBF,0.5,0.15,bias,1,arrived,0.04613882268844327,7.5,15,0,0.177016,0.011801066666666667,0.032619,0
matched_baseline,CAP,0.5,0.15,bias,1,arrived,0.011719959835931437,7.5,15,0,0.133672,0.008911466666666668,0.013851,0
matched_baseline,MPC-CBF-3,0.5,0.15,bias,1,arrived,0.20929478294616954,6.5,13,0,56.032907,4.310223615384615,6.662012,0
matched_baseline,SRCBF,0.5,0.15,bias,2,arrived,0.11439678210742976,11.0,22,0,0.257849,0.01172040909090909,0.042384,0
matched_baseline,CAP,0.5,0.15,bias,2,arrived,0.08025580601066784,11.0,22,0,0.227064,0.01032109090909091,0.026781,0
matched_baseline,MPC-CBF-3,0.5,0.15,bias,2,arrived,0.13580384864281903,10.0,20,0,92.538809,4.62694045,6.570324,0
matched_baseline,SRCBF,0.5,0.15,bias,3,arrived,0.08351844409294251,10.5,21,0,0.224299,0.010680904761904761,0.016836,0
matched_baseline,CAP,0.5,0.15,bias,3,arrived,0.056820187550154055,10.5,21,0,0.208174,0.009913047619047618,0.025268,0
matched_baseline,MPC-CBF-3,0.5,0.15,bias,3,arrived,0.13615495416361112,8.0,16,0,74.774291,4.6733931875,6.728703,0
matched_baseline,SRCBF,0.5,0.15,bias,4,arrived,0.16003433285913193,11.5,23,0,0.230758,0.01003295652173913,0.016054,0
matched_baseline,CAP,0.5,0.15,bias,4,arrived,0.12111026146880155,11.0,22,0,0.570378,0.02592627272727273,0.33217,0
matched_baseline,MPC-CBF-3,0.5,0.15,bias,4,arrived,0.20568204050299932,12.5,25,0,125.36025,5.01441,7.514946,0
matched_baseline,SRCBF,0.5,0.15,bias,5,arrived,0.12030142465122784,8.0,16,0,0.224069,0.0140043125,0.071328,0
matched_baseline,CAP,0.5,0.15,bias,5,arrived,0.08034213067605578,8.0,16,0,0.251769,0.0157355625,0.115284,0
matched_baseline,MPC-CBF-3,0.5,0.15,bias,5,arrived,0.2554290038446323,9.0,18,0,81.994708,4.555261555555556,7.433073,0
matched_baseline,SRCBF,0.5,0.15,bias,6,arrived,0.13192368537658927,11.5,23,0,0.240657,0.010463347826086955,0.016425,0
matched_baseline,CAP,0.5,0.15,bias,6,arrived,0.09515194823449413,11.5,23,0,0.210986,0.009173304347826086,0.014041,0
matched_baseline,MPC-CBF-3,0.5,0.15,bias,6,arrived,0.1443721436454446,11.5,23,0,107.789721,4.686509608695652,6.88708,0
matched_baseline,SRCBF,0.5,0.15,bias,7,arrived,0.07354934352702469,7.5,15,0,0.171257,0.011417133333333333,0.024437,0
matched_baseline,CAP,0.5,0.15,bias,7,arrived,0.04246249696155524,7.5,15,0,0.130786,0.008719066666666667,0.01387,0
matched_baseline,MPC-CBF-3,0.5,0.15,bias,7,arrived,0.22994129383164097,7.0,14,0,61.591449,4.399389214285715,7.088674,0
matched_baseline,SRCBF,0.5,0.15,bias,8,arrived,0.03206816210968244,7.5,15,0,0.157298,0.010486533333333332,0.017016,0
matched_baseline,CAP,0.5,0.15,bias,8,arrived,0.005088721589615153,7.5,15,0,0.166682,0.011112133333333333,0.030987,0
matched_baseline,MPC-CBF-3,0.5,0.15,bias,8,arrived,0.19393975478391312,6.5,13,0,57.108231,4.392940846153846,6.70799,0
matched_baseline,SRCBF,0.5,0.15,bias,9,arrived,0.1186063099787995,10.5,21,0,0.212849,0.010135666666666666,0.016224,0
matched_baseline,CAP,0.5,0.15,bias,9,arrived,0.0813966074438528,10.5,21,0,0.185107,0.008814619047619049,0.014141,0
matched_baseline,MPC-CBF-3,0.5,0.15,bias,9,arrived,0.13523999469577863,9.5,19,0,92.659171,4.87679847368421,8.276243,0
matched_baseline,SRCBF,0.5,0.15,bias,10,arrived,0.08380166122252752,9.5,19,0,0.200984,0.010578105263157896,0.016414,0
matched_baseline,CAP,0.5,0.15,bias,10,arrived,0.05387945626462787,9.5,19,0,0.179783,0.009462263157894737,0.014902,0
matched_baseline,MPC-CBF-3,0.5,0.15,bias,10,arrived,0.1359189508627826,7.5,15,0,68.937579,4.5958385999999996,6.766158,0
matched_baseline,SRCBF,0.5,0.15,bias,11,arrived,0.1593798998800917,11.0,22,0,0.247237,0.011238045454545454,0.044717,0
matched_baseline,CAP,0.5,0.15,bias,11,arrived,0.12086624545191205,10.5,21,0,0.207343,0.009873476190476191,0.02634,0
matched_baseline,MPC-CBF-3,0.5,0.15,bias,11,arrived,0.19862023677988383,12.5,25,0,115.789313,4.63157252,6.293465,0
matched_baseline,SRCBF,0.5,0.15,bias,12,arrived,0.052465702706174566,7.5,15,0,0.247074,0.0164716,0.100632,0
matched_baseline,CAP,0.5,0.15,bias,12,arrived,0.014420397296580179,7.0,14,0,0.127353,0.009096642857142857,0.014382,0
matched_baseline,MPC-CBF-3,0.5,0.15,bias,12,arrived,0.2117312443093351,6.5,13,0,53.951091,4.150083923076923,5.872261,0
matched_baseline,SRCBF,0.5,0.15,bias,13,arrived,0.09349925217211053,7.5,15,0,0.188023,0.012534866666666667,0.046931,0
matched_baseline,CAP,0.5,0.15,bias,13,arrived,0.06084946806618807,7.5,15,0,0.131278,0.008751866666666667,0.014252,0
matched_baseline,MPC-CBF-3,0.5,0.15,bias,13,arrived,0.24294190333504084,7.5,15,0,63.764301,4.2509534,6.379995,0
matched_baseline,SRCBF,0.5,0.15,bias,14,arrived,0.13921399153344416,11.5,23,0,0.273553,0.011893608695652175,0.047641,0
matched_baseline,CAP,0.5,0.15,bias,14,arrived,0.1010986497379397,11.5,23,0,0.230337,0.010014652173913044,0.024096,0
matched_baseline,MPC-CBF-3,0.5,0.15,bias,14,arrived,0.15013249750018343,11.5,23,0,108.103988,4.7001733913043475,7.37188,0
matched_baseline,SRCBF,0.5,0.15,bias,15,arrived,0.1182178600481596,8.0,16,0,0.159629,0.0099768125,0.016805,0
matched_baseline,CAP,0.5,0.15,bias,15,arrived,0.07909817290091437,8.0,16,0,0.135964,0.00849775,0.014031,0
matched_baseline,MPC-CBF-3,0.5,0.15,bias,15,arrived,0.2533529886640258,8.5,17,0,77.774938,4.574996352941177,6.868201,0
matched_baseline,SRCBF,0.5,0.15,bias,16,arrived,0.13400676936890643,14.0,28,0,0.328335,0.01172625,0.032489,0
matched_baseline,CAP,0.5,0.15,bias,16,arrived,0.10372526467464671,13.5,27,0,0.270467,0.010017296296296295,0.014642,0
matched_baseline,MPC-CBF-3,0.5,0.15,bias,16,arrived,0.17391075319734162,12.5,25,0,129.817062,5.19268248,11.901689,1
matched_baseline,SRCBF,0.5,0.15,bias,17,arrived,0.054966872947287526,9.5,19,0,0.198773,0.010461736842105263,0.016675,0
matched_baseline,CAP,0.5,0.15,bias,17,arrived,0.033884796467587686,9.5,19,0,0.19293,0.01015421052631579,0.024276,0
matched_baseline,MPC-CBF-3,0.5,0.15,bias,17,arrived,0.14315474243048498,7.0,14,0,73.517873,5.2512766428571425,7.817723,0
matched_baseline,SRCBF,0.5,0.15,bias,18,arrived,0.16756989453850424,9.0,18,0,0.172321,0.009573388888888888,0.016425,0
matched_baseline,CAP,0.5,0.15,bias,18,arrived,0.10999575180206822,8.5,17,0,0.163799,0.009635235294117648,0.028914,0
matched_baseline,MPC-CBF-3,0.5,0.15,bias,18,arrived,0.26980344819242963,11.5,23,0,110.527662,4.805550521739131,7.534817,0
matched_baseline,SRCBF,0.5,0.15,bias,19,arrived,0.06085678140250794,7.5,15,0,0.15203,0.010135333333333335,0.016675,0
matched_baseline,CAP,0.5,0.15,bias,19,arrived,0.023844844032227197,7.0,14,0,0.123376,0.00881257142857143,0.014652,0
matched_baseline,MPC-CBF-3,0.5,0.15,bias,19,arrived,0.21971744020266293,6.5,13,0,63.8696,4.913046153846154,10.299252,1
matched_baseline,SRCBF,0.5,0.15,inward,0,arrived,0.012659502870021044,10.0,20,0,0.207822,0.0103911,0.016335,0
matched_baseline,CAP,0.5,0.15,inward,0,arrived,0.0014095209197251268,9.5,19,0,0.497393,0.02617857894736842,0.148164,0
matched_baseline,MPC-CBF-3,0.5,0.15,inward,0,arrived,0.14019310181774847,12.0,24,0,125.97027,5.24876125,8.211567,0
matched_baseline,SRCBF,0.5,0.15,inward,1,arrived,0.0138473386504806,9.5,19,0,0.211518,0.011132526315789473,0.024677,0
matched_baseline,CAP,0.5,0.15,inward,1,arrived,0.0016160964887702578,9.5,19,0,0.17317,0.00911421052631579,0.013971,0
matched_baseline,MPC-CBF-3,0.5,0.15,inward,1,arrived,0.14019472390479581,12.0,24,0,120.453921,5.018913375,7.849249,0
matched_baseline,SRCBF,0.5,0.15,inward,2,arrived,0.016396602164465146,9.5,19,0,0.195605,0.010295,0.021242,0
matched_baseline,CAP,0.5,0.15,inward,2,arrived,0.0020681086528313575,9.5,19,0,0.173663,0.009140157894736841,0.013991,0
matched_baseline,MPC-CBF-3,0.5,0.15,inward,2,arrived,0.1401986304120476,12.0,24,0,121.484224,5.061842666666667,6.922282,0
matched_baseline,SRCBF,0.5,0.15,inward,3,arrived,0.018322061604313378,9.5,19,0,0.190648,0.010034105263157895,0.016345,0
matched_baseline,CAP,0.5,0.15,inward,3,arrived,0.0024160786140802193,9.5,19,0,0.171806,0.009042421052631578,0.014251,0
matched_baseline,MPC-CBF-3,0.5,0.15,inward,3,arrived,0.14020188605342343,12.0,24,0,118.774667,4.948944458333333,6.330872,0
matched_baseline,SRCBF,0.5,0.15,inward,4,arrived,0.01000352529532944,10.0,20,0,0.203887,0.01019435,0.016515,0
matched_baseline,CAP,0.5,0.15,inward,4,arrived,0.000961019359844717,10.0,20,0,0.207672,0.0103836,0.035163,0
matched_baseline,MPC-CBF-3,0.5,0.15,inward,4,arrived,0.14019009099014856,12.0,24,0,120.347922,5.01449675,6.863614,0
matched_baseline,SRCBF,0.5,0.15,inward,5,arrived,0.011157902807557796,10.0,20,0,0.203948,0.010197399999999999,0.016495,0
matched_baseline,CAP,0.5,0.15,inward,5,arrived,0.0011531816785064208,10.0,20,0,0.185481,0.009274049999999999,0.014151,0
matched_baseline,MPC-CBF-3,0.5,0.15,inward,5,arrived,0.14019128473913123,12.0,24,0,119.385039,4.974376625,6.142808,0
matched_baseline,SRCBF,0.5,0.15,inward,6,arrived,0.01359238099889748,9.5,19,0,0.233871,0.012309,0.054913,0
matched_baseline,CAP,0.5,0.15,inward,6,arrived,0.0015715139496004227,9.5,19,0,0.191649,0.01008678947368421,0.01361,0
matched_baseline,MPC-CBF-3,0.5,0.15,inward,6,arrived,0.14019436359976178,12.0,24,0,115.589129,4.816213708333333,6.33019,0
matched_baseline,SRCBF,0.5,0.15,inward,7,arrived,0.012769593250045896,9.5,19,0,0.191896,0.01009978947368421,0.016024,0
matched_baseline,CAP,0.5,0.15,inward,7,arrived,0.0014285398849510633,9.5,19,0,0.173422,0.009127473684210527,0.014632,0
matched_baseline,MPC-CBF-3,0.5,0.15,inward,7,arrived,0.14019324303775038,12.0,24,0,113.566181,4.731924208333333,6.214106,0
matched_baseline,SRCBF,0.5,0.15,inward,8,arrived,0.01570877253330749,9.5,19,0,0.194214,0.01022178947368421,0.016735,0
matched_baseline,CAP,0.5,0.15,inward,8,arrived,0.0019451100903481455,9.5,19,0,0.176338,0.009280947368421054,0.014522,0
matched_baseline,MPC-CBF-3,0.5,0.15,inward,8,arrived,0.1401975271070658,12.0,24,0,111.489932,4.6454138333333335,5.638858,0
matched_baseline,SRCBF,0.5,0.15,inward,9,arrived,0.01060357643378429,10.0,20,0,0.227874,0.011393700000000001,0.035434,0
matched_baseline,CAP,0.5,0.15,inward,9,arrived,0.0010602693474758285,10.0,20,0,0.185859,0.009292950000000001,0.013781,0
matched_baseline,MPC-CBF-3,0.5,0.15,inward,9,arrived,0.14019068737056672,12.0,24,0,112.84859,4.702024583333333,5.988846,0
matched_baseline,SRCBF,0.5,0.15,inward,10,arrived,0.009898832410143332,10.0,20,0,0.228715,0.01143575,0.028363,0
matched_baseline,CAP,0.5,0.15,inward,10,arrived,0.0009438641336921849,10.0,20,0,0.190837,0.009541850000000001,0.014482,0
matched_baseline,MPC-CBF-3,0.5,0.15,inward,10,arrived,0.14018999300121215,12.0,24,0,112.714212,4.6964255,6.397461,0
matched_baseline,SRCBF,0.5,0.15,inward,11,arrived,0.017842729472243413,9.5,19,0,0.20255,0.010660526315789473,0.021573,0
matched_baseline,CAP,0.5,0.15,inward,11,arrived,0.00232896873262034,9.5,19,0,0.174795,0.009199736842105264,0.014321,0
matched_baseline,MPC-CBF-3,0.5,0.15,inward,11,arrived,0.1402010561860032,12.0,24,0,116.33348,4.847228333333333,6.54185,0
matched_baseline,SRCBF,0.5,0.15,inward,12,arrived,0.016511580908045165,9.5,19,0,0.20575,0.010828947368421053,0.022043,0
matched_baseline,CAP,0.5,0.15,inward,12,arrived,0.002088738796878209,9.5,19,0,0.174024,0.009159157894736841,0.013911,0
matched_baseline,MPC-CBF-3,0.5,0.15,inward,12,arrived,0.14019881813990698,12.0,24,0,111.033313,4.626388041666667,5.986402,0
matched_baseline,SRCBF,0.5,0.15,inward,13,arrived,0.010649286906170174,10.0,20,0,0.23269,0.0116345,0.036905,0
matched_baseline,CAP,0.5,0.15,inward,13,arrived,0.0010678894168397735,10.0,20,0,0.188292,0.0094146,0.014161,0
matched_baseline,MPC-CBF-3,0.5,0.15,inward,13,arrived,0.14019073488353417,12.0,24,0,117.813293,4.908887208333333,6.201045,0
matched_baseline,SRCBF,0.5,0.15,inward,14,arrived,0.01093527323753618,10.0,20,0,0.205762,0.0102881,0.016605,0
matched_baseline,CAP,0.5,0.15,inward,14,arrived,0.0011157375454420304,10.0,20,0,0.477111,0.02385555,0.21228,0
matched_baseline,MPC-CBF-3,0.5,0.15,inward,14,arrived,0.14019103874060446,12.0,24,0,166.988763,6.957865125,10.991766,2
matched_baseline,SRCBF,0.5,0.15,inward,15,arrived,0.01214915395564331,10.0,20,0,0.258327,0.01291635,0.036004,0
matched_baseline,CAP,0.5,0.15,inward,15,arrived,0.0013217281269530812,9.5,19,0,0.253064,0.013319157894736842,0.088013,0
matched_baseline,MPC-CBF-3,0.5,0.15,inward,15,arrived,0.140192452611427,12.0,24,0,114.28321,4.7618004166666665,6.48922,0
matched_baseline,SRCBF,0.5,0.15,inward,16,arrived,0.013317081279054399,9.5,19,0,0.191156,0.010060842105263158,0.016375,0
matched_baseline,CAP,0.5,0.15,inward,16,arrived,0.0015235184180359962,9.5,19,0,0.198237,0.010433526315789473,0.037646,0
matched_baseline,MPC-CBF-3,0.5,0.15,inward,16,arrived,0.1401939859648209,12.0,24,0,113.684598,4.73685825,6.383771,0
matched_baseline,SRCBF,0.5,0.15,inward,17,arrived,0.010815577004300914,10.0,20,0,0.240681,0.01203405,0.04604,0
matched_baseline,CAP,0.5,0.15,inward,17,arrived,0.001095675649494865,10.0,20,0,0.214155,0.01070775,0.038879,0
matched_baseline,MPC-CBF-3,0.5,0.15,inward,17,arrived,0.14019091194737898,12.0,24,0,113.891453,4.745477208333333,6.261687,0
matched_baseline,SRCBF,0.5,0.15,inward,18,arrived,0.014965437554983918,9.5,19,0,0.198949,0.010471,0.016545,0
matched_baseline,CAP,0.5,0.15,inward,18,arrived,0.0018130190962011294,9.5,19,0,0.172882,0.009099052631578947,0.014472,0
matched_baseline,MPC-CBF-3,0.5,0.15,inward,18,arrived,0.14019637401964657,12.0,24,0,113.341643,4.722568458333333,6.319445,0
matched_baseline,SRCBF,0.5,0.15,inward,19,arrived,0.014752466741209669,9.5,19,0,0.191528,0.010080421052631579,0.016645,0
matched_baseline,CAP,0.5,0.15,inward,19,arrived,0.0017753412817848035,9.5,19,0,0.172872,0.009098526315789474,0.014142,0
matched_baseline,MPC-CBF-3,0.5,0.15,inward,19,arrived,0.14019605078794117,12.0,24,0,117.087382,4.878640916666667,6.27018,0
matched_baseline,SRCBF,0.5,0.45,bias,0,arrived,0.0693261945056437,9.0,18,0,0.177978,0.009887666666666666,0.016265,0
matched_baseline,CAP,0.5,0.45,bias,0,arrived,0.05218481304941436,9.0,18,0,0.161442,0.008969,0.014402,0
matched_baseline,MPC-CBF-3,0.5,0.45,bias,0,arrived,0.13835369635471684,9.0,18,0,84.663331,4.703518388888889,8.126418,0
matched_baseline,SRCBF,0.5,0.45,bias,1,arrived,0.1086491727232779,6.5,13,0,0.130027,0.010002076923076924,0.016545,0
matched_baseline,CAP,0.5,0.45,bias,1,arrived,0.07773994224207015,6.5,13,0,0.109465,0.008420384615384616,0.014271,0
matched_baseline,MPC-CBF-3,0.5,0.45,bias,1,arrived,0.21539686423362303,6.5,13,0,55.990565,4.306966538461538,6.908963,0
matched_baseline,SRCBF,0.5,0.45,bias,2,arrived,0.08183755688779304,9.0,18,0,0.176807,0.009822611111111112,0.016154,0
matched_baseline,CAP,0.5,0.45,bias,2,arrived,0.061729970568095704,9.0,18,0,0.210357,0.0116865,0.058138,0
matched_baseline,MPC-CBF-3,0.5,0.45,bias,2,arrived,0.14443627178865526,10.5,21,0,98.526447,4.691735571428572,7.019567,0
matched_baseline,SRCBF,0.5,0.45,bias,3,arrived,0.059814143873726855,8.0,16,0,0.159608,0.0099755,0.016244,0
matched_baseline,CAP,0.5,0.45,bias,3,arrived,0.04194627638738335,8.0,16,0,0.141894,0.008868375,0.014632,0
matched_baseline,MPC-CBF-3,0.5,0.45,bias,3,arrived,0.13576809797602862,8.0,16,0,70.67506,4.41719125,6.760306,0
matched_baseline,SRCBF,0.5,0.45,bias,4,arrived,0.17694578486423418,9.5,19,0,0.177778,0.009356736842105263,0.016255,0
matched_baseline,CAP,0.5,0.45,bias,4,arrived,0.12760172709032536,9.5,19,0,0.160933,0.008470157894736841,0.014362,0
matched_baseline,MPC-CBF-3,0.5,0.45,bias,4,arrived,0.21566243133955587,12.5,25,0,116.333183,4.653327320000001,7.538579,0
matched_baseline,SRCBF,0.5,0.45,bias,5,arrived,0.1829202228446405,7.0,14,0,0.199941,0.0142815,0.025618,0
matched_baseline,CAP,0.5,0.45,bias,5,arrived,0.1260497848602441,7.0,14,0,0.176994,0.01264242857142857,0.020931,0
matched_baseline,MPC-CBF-3,0.5,0.45,bias,5,arrived,0.2685629631880402,8.0,16,0,102.138626,6.383664125,10.654685,2
matched_baseline,SRCBF,0.5,0.45,bias,6,arrived,0.10127910739371304,9.5,19,0,0.185882,0.009783263157894736,0.016324,0
matched_baseline,CAP,0.5,0.45,bias,6,arrived,0.07761284227340659,9.5,19,0,0.309477,0.016288263157894736,0.150036,0
matched_baseline,MPC-CBF-3,0.5,0.45,bias,6,arrived,0.1575741550866402,11.5,23,0,141.248723,6.141248826086956,10.304546,1
matched_baseline,SRCBF,0.5,0.45,bias,7,arrived,0.13813474478342824,6.5,13,0,0.194562,0.014966307692307692,0.023425,0
matched_baseline,CAP,0.5,0.45,bias,7,arrived,0.09983448563209985,6.5,13,0,0.163084,0.012544923076923077,0.021112,0
matched_baseline,MPC-CBF-3,0.5,0.45,bias,7,arrived,0.23489157857408216,6.5,13,0,71.337583,5.487506384615385,8.528231,0
matched_baseline,SRCBF,0.5,0.45,bias,8,arrived,0.09022915694445544,6.5,13,0,0.218019,0.01677069230769231,0.044998,0
matched_baseline,CAP,0.5,0.45,bias,8,arrived,0.06260261390015498,6.5,13,0,0.195634,0.01504876923076923,0.044527,0
matched_baseline,MPC-CBF-3,0.5,0.45,bias,8,arrived,0.2004217195095379,6.0,12,0,54.081901,4.506825083333333,8.508651,0
matched_baseline,SRCBF,0.5,0.45,bias,9,arrived,0.07610383197511916,9.0,18,0,0.208053,0.0115585,0.028303,0
matched_baseline,CAP,0.5,0.45,bias,9,arrived,0.05796293363398519,9.0,18,0,0.169556,0.009419777777777777,0.014122,0
matched_baseline,MPC-CBF-3,0.5,0.45,bias,9,arrived,0.1421261640524798,10.0,20,0,95.61354,4.780677,7.341101,0
matched_baseline,SRCBF,0.5,0.45,bias,10,arrived,0.047247409321329314,8.5,17,0,0.199131,0.011713588235294116,0.030286,0
matched_baseline,CAP,0.5,0.45,bias,10,arrived,0.033567081760066064,8.0,16,0,0.147352,0.0092095,0.014241,0
matched_baseline,MPC-CBF-3,0.5,0.45,bias,10,arrived,0.1371955747998812,7.5,15,0,68.329844,4.555322933333334,7.012336,0
matched_baseline,SRCBF,0.5,0.45,bias,11,arrived,0.17397621906703986,9.5,19,0,0.202663,0.010666473684210526,0.029995,0
matched_baseline,CAP,0.5,0.45,bias,11,arrived,0.12985436611191814,9.0,18,0,0.156378,0.008687666666666666,0.014181,0
matched_baseline,MPC-CBF-3,0.5,0.45,bias,11,arrived,0.21190618981655485,12.5,25,0,142.518225,5.700729,9.52366,0
matched_baseline,SRCBF,0.5,0.45,bias,12,arrived,0.1160930301825851,6.5,13,0,0.141562,0.010889384615384615,0.018477,0
matched_baseline,CAP,0.5,0.45,bias,12,arrived,0.08323021246414397,6.5,13,0,0.157816,0.012139692307692308,0.055834,0
matched_baseline,MPC-CBF-3,0.5,0.45,bias,12,arrived,0.21761282522043524,6.5,13,0,60.1918,4.630138461538462,8.805729,0
matched_baseline,SRCBF,0.5,0.45,bias,13,arrived,0.15652985658576635,7.0,14,0,0.133821,0.009558642857142858,0.016795,0
matched_baseline,CAP,0.5,0.45,bias,13,arrived,0.11207076144843509,7.0,14,0,0.113622,0.008115857142857143,0.013951,0
matched_baseline,MPC-CBF-3,0.5,0.45,bias,13,arrived,0.24690021177016774,7.0,14,0,56.349888,4.024992,6.392002,0
matched_baseline,SRCBF,0.5,0.45,bias,14,arrived,0.10919738925642453,9.5,19,0,0.214253,0.011276473684210527,0.030045,0
matched_baseline,CAP,0.5,0.45,bias,14,arrived,0.08389891351130518,9.5,19,0,0.166499,0.008763105263157895,0.014051,0
matched_baseline,MPC-CBF-3,0.5,0.45,bias,14,arrived,0.15489161120891082,11.5,23,0,108.358214,4.711226695652174,8.747842,0
matched_baseline,SRCBF,0.5,0.45,bias,15,arrived,0.18144712708413024,7.0,14,0,0.139811,0.0099865,0.020211,0
matched_baseline,CAP,0.5,0.45,bias,15,arrived,0.12540502116533248,7.0,14,0,0.155507,0.011107642857142858,0.031247,0
matched_baseline,MPC-CBF-3,0.5,0.45,bias,15,arrived,0.26540261903249696,8.0,16,0,73.38414,4.58650875,8.230137,0
matched_baseline,SRCBF,0.5,0.45,bias,16,arrived,0.14257935967028956,9.5,19,0,0.42564,0.022402105263157893,0.108323,0
matched_baseline,CAP,0.5,0.45,bias,16,arrived,0.10936641039121908,9.5,19,0,0.209302,0.011015894736842105,0.050596,0
matched_baseline,MPC-CBF-3,0.5,0.45,bias,16,arrived,0.1731618505409287,12.5,25,0,161.062881,6.4425152400000005,22.079389,3
matched_baseline,SRCBF,0.5,0.45,bias,17,arrived,0.037306471851994205,7.5,15,0,0.156308,0.010420533333333332,0.016515,0
matched_baseline,CAP,0.5,0.45,bias,17,arrived,0.021888390715996575,7.5,15,0,0.134072,0.008938133333333334,0.014261,0
matched_baseline,MPC-CBF-3,0.5,0.45,bias,17,arrived,0.14392682514056687,7.0,14,0,60.96399,4.354570714285715,6.663039,0
matched_baseline,SRCBF,0.5,0.45,bias,18,arrived,0.22005054352658893,8.0,16,0,0.16585,0.010365625,0.039259,0
matched_baseline,CAP,0.5,0.45,bias,18,arrived,0.14279383598230344,8.0,16,0,0.126942,0.007933875,0.01374,0
matched_baseline,MPC-CBF-3,0.5,0.45,bias,18,arrived,0.28435242026998875,11.0,22,0,104.411908,4.745995818181818,7.512239,0
matched_baseline,SRCBF,0.5,0.45,bias,19,arrived,0.12537974796900353,6.5,13,0,0.131539,0.010118384615384616,0.016215,0
matched_baseline,CAP,0.5,0.45,bias,19,arrived,0.09044160634759457,6.5,13,0,0.108744,0.008364923076923077,0.014452,0
matched_baseline,MPC-CBF-3,0.5,0.45,bias,19,arrived,0.22524975436725758,6.5,13,0,51.71367,3.9779746153846154,5.93318,0
matched_baseline,SRCBF,0.5,0.45,inward,0,arrived,0.05205091035738996,8.5,17,0,0.199863,0.01175664705882353,0.03958,0
matched_baseline,CAP,0.5,0.45,inward,0,arrived,0.02946560573391732,8.5,17,0,0.15904,0.009355294117647059,0.028864,0
matched_baseline,MPC-CBF-3,0.5,0.45,inward,0,arrived,0.14664608374356203,11.5,23,0,110.469216,4.8030093913043475,7.323565,0
matched_baseline,SRCBF,0.5,0.45,inward,1,arrived,0.05333854617491984,8.5,17,0,0.1778,0.010458823529411763,0.016354,0
matched_baseline,CAP,0.5,0.45,inward,1,arrived,0.030398801949073073,8.5,17,0,0.136885,0.008052058823529412,0.014822,0
matched_baseline,MPC-CBF-3,0.5,0.45,inward,1,arrived,0.146691589790363,11.5,23,0,109.86092,4.776561739130434,7.030333,0
matched_baseline,SRCBF,0.5,0.45,inward,2,arrived,0.055920330058170764,8.5,17,0,0.163336,0.009608,0.016275,0
matched_baseline,CAP,0.5,0.45,inward,2,arrived,0.032234675252196365,8.0,16,0,0.127961,0.0079975625,0.013961,0
matched_baseline,MPC-CBF-3,0.5,0.45,inward,2,arrived,0.14678419256648978,11.5,23,0,111.0041,4.826265217391304,6.86835,0
matched_baseline,SRCBF,0.5,0.45,inward,3,arrived,0.057738890602444415,8.5,17,0,0.15976,0.00939764705882353,0.017967,0
matched_baseline,CAP,0.5,0.45,inward,3,arrived,0.033498979992810596,8.0,16,0,0.143207,0.0089504375,0.017787,0
matched_baseline,MPC-CBF-3,0.5,0.45,inward,3,arrived,0.14685014679153352,11.5,23,0,112.357929,4.885127347826087,6.954419,0
matched_baseline,SRCBF,0.5,0.45,inward,4,arrived,0.04891775847627944,8.5,17,0,0.166681,0.009804764705882353,0.016815,0
matched_baseline,CAP,0.5,0.45,inward,4,arrived,0.027147962882953736,8.5,17,0,0.144429,0.008495823529411764,0.016395,0
matched_baseline,MPC-CBF-3,0.5,0.45,inward,4,arrived,0.1465468423194506,11.5,23,0,110.99688,4.825951304347826,6.557832,0
matched_baseline,SRCBF,0.5,0.45,inward,5,arrived,0.05032750508181305,8.5,17,0,0.210495,0.012382058823529413,0.04654,0
matched_baseline,CAP,0.5,0.45,inward,5,arrived,0.028198827572292307,8.5,17,0,0.144318,0.00848929411764706,0.014833,0
matched_baseline,MPC-CBF-3,0.5,0.45,inward,5,arrived,0.14658611700664093,11.5,23,0,107.725861,4.683733086956521,6.720156,0
matched_baseline,SRCBF,0.5,0.45,inward,6,arrived,0.05306724017048903,8.5,17,0,0.165131,0.009713588235294118,0.016465,0
matched_baseline,CAP,0.5,0.45,inward,6,arrived,0.03020313629782667,8.5,17,0,0.136406,0.008023882352941176,0.016155,0
matched_baseline,MPC-CBF-3,0.5,0.45,inward,6,arrived,0.1466819576416628,11.5,23,0,113.478211,4.933835260869565,8.652177,0
matched_baseline,SRCBF,0.5,0.45,inward,7,arrived,0.05217287072207222,8.5,17,0,0.164798,0.009694,0.016745,0
matched_baseline,CAP,0.5,0.45,inward,7,arrived,0.029554487138539254,8.5,17,0,0.145329,0.008548764705882353,0.023436,0
matched_baseline,MPC-CBF-3,0.5,0.45,inward,7,arrived,0.14665037027118644,11.5,23,0,113.090903,4.916995782608695,7.762556,0
matched_baseline,SRCBF,0.5,0.45,inward,8,arrived,0.055245243318519766,8.5,17,0,0.164169,0.009657,0.016224,0
matched_baseline,CAP,0.5,0.45,inward,8,arrived,0.0317592323476944,8.0,16,0,0.160792,0.0100495,0.047131,0
matched_baseline,MPC-CBF-3,0.5,0.45,inward,8,arrived,0.1467598360592428,11.5,23,0,122.174516,5.311935478260869,12.814919,1
matched_baseline,SRCBF,0.5,0.45,inward,9,arrived,0.049660473960750795,8.5,17,0,0.263868,0.015521647058823529,0.096195,0
matched_baseline,CAP,0.5,0.45,inward,9,arrived,0.0277032122069909,8.5,17,0,0.145948,0.008585176470588237,0.014972,0
matched_baseline,MPC-CBF-3,0.5,0.45,inward,9,arrived,0.1465645957993429,11.5,23,0,110.22706,4.7924808695652175,6.852976,0
matched_baseline,SRCBF,0.5,0.45,inward,10,arrived,0.048785887040323384,8.5,17,0,0.163065,0.009592058823529412,0.016024,0
matched_baseline,CAP,0.5,0.45,inward,10,arrived,0.027049007942604897,8.5,17,0,0.180193,0.010599588235294118,0.049054,0
matched_baseline,MPC-CBF-3,0.5,0.45,inward,10,arrived,0.14654372322772913,11.5,23,0,110.12091,4.787865652173913,6.87547,0
matched_baseline,SRCBF,0.5,0.45,inward,11,arrived,0.05729523796877656,8.5,17,0,0.15741,0.009259411764705882,0.016595,0
matched_baseline,CAP,0.5,0.45,inward,11,arrived,0.03319276787074976,8.0,16,0,0.151105,0.0094440625,0.03278,0
matched_baseline,MPC-CBF-3,0.5,0.45,inward,11,arrived,0.14683402075681962,11.5,23,0,116.342171,5.058355260869566,8.50488,0
matched_baseline,SRCBF,0.5,0.45,inward,12,arrived,0.056031783440794736,8.5,17,0,0.163529,0.00961935294117647,0.016434,0
matched_baseline,CAP,0.5,0.45,inward,12,arrived,0.03231285199595868,8.0,16,0,0.223746,0.013984125,0.100481,0
matched_baseline,MPC-CBF-3,0.5,0.45,inward,12,arrived,0.14678822153211757,11.5,23,0,121.993674,5.304072782608696,7.846994,0
matched_baseline,SRCBF,0.5,0.45,inward,13,arrived,0.04971615685455766,8.5,17,0,0.165027,0.009707470588235293,0.016424,0
matched_baseline,CAP,0.5,0.45,inward,13,arrived,0.027744696894859144,8.5,17,0,0.157337,0.009255117647058823,0.01937,0
matched_baseline,MPC-CBF-3,0.5,0.45,inward,13,arrived,0.14656593887917735,11.5,23,0,118.785961,5.164607,9.667497,0
matched_baseline,SRCBF,0.5,0.45,inward,14,arrived,0.050061744368570915,8.5,17,0,0.166951,0.00982064705882353,0.016645,0
matched_baseline,CAP,0.5,0.45,inward,14,arrived,0.02800171283063735,8.5,17,0,0.14045,0.008261764705882354,0.013931,0
matched_baseline,MPC-CBF-3,0.5,0.45,inward,14,arrived,0.1465769796655313,11.5,23,0,112.383248,4.886228173913044,8.582463,0
matched_baseline,SRCBF,0.5,0.45,inward,15,arrived,0.05147802361049303,8.5,17,0,0.165049,0.009708764705882353,0.016495,0
matched_baseline,CAP,0.5,0.45,inward,15,arrived,0.029046738108747916,8.5,17,0,0.15928,0.009369411764705883,0.023024,0
matched_baseline,MPC-CBF-3,0.5,0.45,inward,15,arrived,0.14662602058392193,11.5,23,0,106.857313,4.645970130434782,6.814739,0
matched_baseline,SRCBF,0.5,0.45,inward,16,arrived,0.05277126086937334,8.5,17,0,0.292471,0.017204176470588233,0.141924,0
matched_baseline,CAP,0.5,0.45,inward,16,arrived,0.02998908967642322,8.5,17,0,0.134292,0.007899529411764706,0.014001,0
matched_baseline,MPC-CBF-3,0.5,0.45,inward,16,arrived,0.14667147544663228,11.5,23,0,109.891965,4.777911521739131,7.912532,0
matched_baseline,SRCBF,0.5,0.45,inward,17,arrived,0.04991768404066499,8.5,17,0,0.163016,0.009589176470588236,0.016044,0
matched_baseline,CAP,0.5,0.45,inward,17,arrived,0.027894669089808977,8.5,17,0,0.140467,0.008262764705882353,0.014992,0
matched_baseline,MPC-CBF-3,0.5,0.45,inward,17,arrived,0.14657203978031486,11.5,23,0,105.512736,4.587510260869565,6.482968,0
matched_baseline,SRCBF,0.5,0.45,inward,18,arrived,0.05449860363088399,8.5,17,0,0.171378,0.010081058823529413,0.016885,0
matched_baseline,CAP,0.5,0.45,inward,18,arrived,0.03122958450504587,8.5,17,0,0.137252,0.00807364705882353,0.014783,0
matched_baseline,MPC-CBF-3,0.5,0.45,inward,18,arrived,0.14673300589412008,11.5,23,0,103.680347,4.507841173913044,7.137315,0
matched_baseline,SRCBF,0.5,0.45,inward,19,arrived,0.05428119928579844,8.5,17,0,0.18651,0.010971176470588236,0.028973,0
matched_baseline,CAP,0.5,0.45,inward,19,arrived,0.031074614957616653,8.5,17,0,0.132982,0.007822470588235294,0.014141,0
matched_baseline,MPC-CBF-3,0.5,0.45,inward,19,arrived,0.14672521753920775,11.5,23,0,103.342839,4.493166913043479,6.575649,0
matched_baseline,SRCBF,0.8,0.15,bias,0,arrived,0.14377174686441463,10.4,13,0,0.143577,0.011044384615384616,0.017907,0
matched_baseline,CAP,0.8,0.15,bias,0,arrived,0.11454876572483097,10.4,13,0,0.15309,0.011776153846153846,0.036876,0
matched_baseline,MPC-CBF-3,0.8,0.15,bias,0,timeout,0.22909497009588664,30.0,38,0,189.845283,4.9959285,7.231266,0
matched_baseline,SRCBF,0.8,0.15,bias,1,arrived,0.059104193488912826,7.199999999999999,9,0,0.102005,0.011333888888888888,0.016855,0
matched_baseline,CAP,0.8,0.15,bias,1,arrived,0.027271895603731333,7.199999999999999,9,0,0.091209,0.010134333333333334,0.014402,0
matched_baseline,MPC-CBF-3,0.8,0.15,bias,1,arrived,0.29814203228805547,7.199999999999999,9,0,46.221676,5.135741777777778,7.471719,0
matched_baseline,SRCBF,0.8,0.15,bias,2,arrived,0.15140219081107986,11.200000000000001,14,0,0.156306,0.011164714285714286,0.016975,0
matched_baseline,CAP,0.8,0.15,bias,2,arrived,0.12629108214591256,11.200000000000001,14,0,0.162305,0.011593214285714287,0.029324,0
matched_baseline,MPC-CBF-3,0.8,0.15,bias,2,timeout,0.2350148349440624,30.0,38,0,192.762202,5.07268952631579,7.426209,0
matched_baseline,SRCBF,0.8,0.15,bias,3,arrived,0.11031935846407004,11.200000000000001,14,0,0.213741,0.015267214285714287,0.040842,0
matched_baseline,CAP,0.8,0.15,bias,3,arrived,0.08852674613405043,10.4,13,0,0.160512,0.012347076923076924,0.020701,0
matched_baseline,MPC-CBF-3,0.8,0.15,bias,3,timeout,0.23008473891946157,30.0,38,0,188.347544,4.956514315789473,9.255086,0
matched_baseline,SRCBF,0.8,0.15,bias,4,arrived,0.2185551334809721,11.200000000000001,14,0,0.180273,0.012876642857142857,0.029955,0
matched_baseline,CAP,0.8,0.15,bias,4,arrived,0.19374969808114517,11.200000000000001,14,0,0.140822,0.010058714285714285,0.014241,0
matched_baseline,MPC-CBF-3,0.8,0.15,bias,4,timeout,0.3245644409995321,30.0,38,0,183.690921,4.833971605263158,6.703881,0
matched_baseline,SRCBF,0.8,0.15,bias,5,arrived,0.15588848395255106,7.999999999999999,10,0,0.109395,0.0109395,0.017306,0
matched_baseline,CAP,0.8,0.15,bias,5,arrived,0.11190035605341797,7.999999999999999,10,0,0.12011,0.012011,0.031247,0
matched_baseline,MPC-CBF-3,0.8,0.15,bias,5,timeout,0.4172889853258308,30.0,38,0,187.594671,4.936701868421053,9.339924,0
matched_baseline,SRCBF,0.8,0.15,bias,6,arrived,0.17613674831496462,12.000000000000002,15,0,0.21188,0.014125333333333333,0.054553,0
matched_baseline,CAP,0.8,0.15,bias,6,arrived,0.1507545083081011,12.000000000000002,15,0,0.153238,0.010215866666666667,0.018818,0
matched_baseline,MPC-CBF-3,0.8,0.15,bias,6,timeout,0.2508251591675039,30.0,38,0,185.091909,4.870839710526315,7.234101,0
matched_baseline,SRCBF,0.8,0.15,bias,7,arrived,0.09337321620268257,7.999999999999999,10,0,0.110728,0.011072799999999999,0.016916,0
matched_baseline,CAP,0.8,0.15,bias,7,arrived,0.05692397147633488,7.199999999999999,9,0,0.099961,0.011106777777777778,0.018037,0
matched_baseline,MPC-CBF-3,0.8,0.15,bias,7,timeout,0.34777224781563154,30.0,38,0,187.573085,4.936133815789473,7.172137,0
matched_baseline,SRCBF,0.8,0.15,bias,8,arrived,0.041995646605265446,7.999999999999999,10,0,0.111656,0.011165600000000001,0.02007,0
matched_baseline,CAP,0.8,0.15,bias,8,arrived,0.013790296179478245,7.999999999999999,10,0,0.097565,0.0097565,0.014221,0
matched_baseline,MPC-CBF-3,0.8,0.15,bias,8,arrived,0.2683667381511472,6.3999999999999995,8,0,43.172317,5.396539625,9.710066,0
matched_baseline,SRCBF,0.8,0.15,bias,9,arrived,0.15796646448183538,10.4,13,0,0.175164,0.013474153846153846,0.044306,0
matched_baseline,CAP,0.8,0.15,bias,9,arrived,0.12664100320661265,10.4,13,0,0.130325,0.010025,0.014722,0
matched_baseline,MPC-CBF-3,0.8,0.15,bias,9,timeout,0.23451001230387702,30.0,38,0,175.72802,4.624421578947368,7.226149,0
matched_baseline,SRCBF,0.8,0.15,bias,10,arrived,0.11216182783155593,9.6,12,0,0.163007,0.013583916666666666,0.037276,0
matched_baseline,CAP,0.8,0.15,bias,10,arrived,0.08122972690631358,9.6,12,0,0.118668,0.009889,0.014442,0
matched_baseline,MPC-CBF-3,0.8,0.15,bias,10,arrived,0.2308023188479802,7.999999999999999,10,0,54.637216,5.4637215999999995,6.560205,0
matched_baseline,SRCBF,0.8,0.15,bias,11,arrived,0.21872783250428807,11.200000000000001,14,0,0.158098,0.011292714285714286,0.016985,0
matched_baseline,CAP,0.8,0.15,bias,11,arrived,0.1937001759839525,10.4,13,0,0.131408,0.01010830769230769,0.015784,0
matched_baseline,MPC-CBF-3,0.8,0.15,bias,11,timeout,0.3161846379834654,30.0,38,0,177.566984,4.672815368421053,8.170272,0
matched_baseline,SRCBF,0.8,0.15,bias,12,arrived,0.0666479433032271,7.199999999999999,9,0,0.10588,0.011764444444444445,0.017487,0
matched_baseline,CAP,0.8,0.15,bias,12,arrived,0.033555191911147864,7.199999999999999,9,0,0.090806,0.010089555555555555,0.014482,0
matched_baseline,MPC-CBF-3,0.8,0.15,bias,12,arrived,0.3033520270689618,7.199999999999999,9,0,45.993725,5.110413888888889,6.637061,0
matched_baseline,SRCBF,0.8,0.15,bias,13,arrived,0.11971376716567772,7.999999999999999,10,0,0.11229,0.011229,0.017166,0
matched_baseline,CAP,0.8,0.15,bias,13,arrived,0.08003013140066506,7.999999999999999,10,0,0.097387,0.009738700000000001,0.014191,0
matched_baseline,MPC-CBF-3,0.8,0.15,bias,13,timeout,0.3834656706584738,30.0,38,0,203.431131,5.353450815789473,8.576523,0
matched_baseline,SRCBF,0.8,0.15,bias,14,arrived,0.18636841066809384,12.000000000000002,15,0,0.210595,0.014039666666666666,0.0534,0
matched_baseline,CAP,0.8,0.15,bias,14,arrived,0.16039043093437433,12.000000000000002,15,0,0.17835,0.01189,0.041523,0
matched_baseline,MPC-CBF-3,0.8,0.15,bias,14,timeout,0.2573744410751009,30.0,38,0,188.864702,4.970123736842105,9.361436,0
matched_baseline,SRCBF,0.8,0.15,bias,15,arrived,0.15270894889094988,7.999999999999999,10,0,0.121132,0.012113200000000001,0.017266,0
matched_baseline,CAP,0.8,0.15,bias,15,arrived,0.10920852569988615,7.999999999999999,10,0,0.104677,0.0104677,0.016094,0
matched_baseline,MPC-CBF-3,0.8,0.15,bias,15,timeout,0.4129181828230708,30.0,38,0,177.923441,4.682195815789473,9.143257,0
matched_baseline,SRCBF,0.8,0.15,bias,16,arrived,0.19073231410022362,14.400000000000004,18,0,0.23692,0.013162222222222223,0.024057,0
matched_baseline,CAP,0.8,0.15,bias,16,arrived,0.17330741486864576,14.400000000000004,18,0,0.200621,0.011145611111111111,0.014111,0
matched_baseline,MPC-CBF-3,0.8,0.15,bias,16,timeout,0.2857932800187726,30.0,38,0,218.079542,5.738935315789473,15.868325,3
matched_baseline,SRCBF,0.8,0.15,bias,17,arrived,0.07216151587811737,9.6,12,0,0.136046,0.011337166666666666,0.017116,0
matched_baseline,CAP,0.8,0.15,bias,17,arrived,0.050709669276607805,9.6,12,0,0.121452,0.010121,0.014371,0
matched_baseline,MPC-CBF-3,0.8,0.15,bias,17,arrived,0.21789118496641335,7.199999999999999,9,0,51.145658,5.682850888888889,7.701715,0
matched_baseline,SRCBF,0.8,0.15,bias,18,arrived,0.2164875444547678,8.799999999999999,11,0,0.117456,0.010677818181818182,0.016915,0
matched_baseline,CAP,0.8,0.15,bias,18,arrived,0.1653550009774717,8.799999999999999,11,0,0.145841,0.013258272727272728,0.04643,0
matched_baseline,MPC-CBF-3,0.8,0.15,bias,18,timeout,0.4182962101357124,30.0,38,0,199.305838,5.24489047368421,7.5455,0
matched_baseline,SRCBF,0.8,0.15,bias,19,arrived,0.0771348270369413,7.199999999999999,9,0,0.102855,0.011428333333333334,0.017436,0
matched_baseline,CAP,0.8,0.15,bias,19,arrived,0.04269056849063091,7.199999999999999,9,0,0.089395,0.009932777777777778,0.014041,0
matched_baseline,MPC-CBF-3,0.8,0.15,bias,19,arrived,0.3219781737706635,7.199999999999999,9,0,53.231679,5.914631,8.272585,0
matched_baseline,SRCBF,0.8,0.15,inward,0,arrived,0.017808067600016075,9.6,12,0,0.153193,0.012766083333333334,0.037687,0
matched_baseline,CAP,0.8,0.15,inward,0,arrived,0.004377180374207312,9.6,12,0,0.113322,0.0094435,0.013841,0
matched_baseline,MPC-CBF-3,0.8,0.15,inward,0,timeout,0.21515545535249014,30.0,38,0,197.720984,5.203183789473685,7.846603,0
matched_baseline,SRCBF,0.8,0.15,inward,1,arrived,0.019940184906461655,9.6,12,0,0.128934,0.0107445,0.017607,0
matched_baseline,CAP,0.8,0.15,inward,1,arrived,0.00501514118070534,9.6,12,0,0.142497,0.01187475,0.037276,0
matched_baseline,MPC-CBF-3,0.8,0.15,inward,1,timeout,0.21508132890605802,30.0,38,0,199.742544,5.256382736842105,7.365208,0
matched_baseline,SRCBF,0.8,0.15,inward,2,arrived,0.0245453175630993,9.6,12,0,0.13223,0.011019166666666667,0.017016,0
matched_baseline,CAP,0.8,0.15,inward,2,arrived,0.0064077395886026345,9.6,12,0,0.11392,0.009493333333333335,0.013941,0
matched_baseline,MPC-CBF-3,0.8,0.15,inward,2,timeout,0.2148590376399051,30.0,38,0,188.251934,4.953998263157895,8.214748,0
matched_baseline,SRCBF,0.8,0.15,inward,3,arrived,0.028036373086852473,8.799999999999999,11,0,0.123556,0.011232363636363636,0.017156,0
matched_baseline,CAP,0.8,0.15,inward,3,arrived,0.007476646491833883,8.799999999999999,11,0,0.108925,0.009902272727272728,0.015363,0
matched_baseline,MPC-CBF-3,0.8,0.15,inward,3,timeout,0.21464398544926322,30.0,38,0,190.883938,5.02326152631579,9.27808,0
matched_baseline,SRCBF,0.8,0.15,inward,4,arrived,0.013114512347592644,9.6,12,0,0.145232,0.012102666666666666,0.02038,0
matched_baseline,CAP,0.8,0.15,inward,4,arrived,0.002988845642845961,9.6,12,0,0.119249,0.009937416666666666,0.014963,0
matched_baseline,MPC-CBF-3,0.8,0.15,inward,4,timeout,0.21523405747909052,30.0,38,0,188.460363,4.959483236842106,7.461263,0
matched_baseline,SRCBF,0.8,0.15,inward,5,arrived,0.015136880762516514,9.6,12,0,0.145859,0.012154916666666666,0.020781,0
matched_baseline,CAP,0.8,0.15,inward,5,arrived,0.003584222046946084,9.6,12,0,0.137788,0.011482333333333334,0.022404,0
matched_baseline,MPC-CBF-3,0.8,0.15,inward,5,timeout,0.21521664095305404,30.0,38,0,189.108364,4.976535894736842,7.971182,0
matched_baseline,SRCBF,0.8,0.15,inward,6,arrived,0.019481535712715048,9.6,12,0,0.359179,0.02993158333333333,0.243066,0
matched_baseline,CAP,0.8,0.15,inward,6,arrived,0.0048775388124487895,9.6,12,0,0.120252,0.010021,0.014923,0
matched_baseline,MPC-CBF-3,0.8,0.15,inward,6,timeout,0.21509868051066694,30.0,38,0,200.510956,5.276604105263158,11.597237,2
matched_baseline,SRCBF,0.8,0.15,inward,7,arrived,0.01800511414542938,9.6,12,0,0.19376,0.016146666666666667,0.074141,0
matched_baseline,CAP,0.8,0.15,inward,7,arrived,0.0044359557157189755,9.6,12,0,0.199651,0.01663758333333333,0.0857,0
matched_baseline,MPC-CBF-3,0.8,0.15,inward,7,timeout,0.21514942276217197,30.0,38,0,185.425521,4.87961897368421,8.613691,0
matched_baseline,SRCBF,0.8,0.15,inward,8,arrived,0.02330018608815776,9.6,12,0,0.142403,0.011866916666666666,0.01952,0
matched_baseline,CAP,0.8,0.15,inward,8,arrived,0.006029251016876125,9.6,12,0,0.117578,0.009798166666666667,0.015063,0
matched_baseline,MPC-CBF-3,0.8,0.15,inward,8,timeout,0.2149265149653754,30.0,38,0,180.338751,4.745756605263158,7.092038,0
matched_baseline,SRCBF,0.8,0.15,inward,9,arrived,0.014161302313481783,9.6,12,0,0.154905,0.01290875,0.040672,0
matched_baseline,CAP,0.8,0.15,inward,9,arrived,0.0032964518726403824,9.6,12,0,0.115204,0.009600333333333334,0.014031,0
matched_baseline,MPC-CBF-3,0.8,0.15,inward,9,timeout,0.21522897795230356,30.0,38,0,184.570261,4.857112131578948,6.958797,0
matched_baseline,SRCBF,0.8,0.15,inward,10,arrived,0.012933064121665061,9.6,12,0,0.136366,0.011363833333333333,0.017346,0
matched_baseline,CAP,0.8,0.15,inward,10,arrived,0.0029356547804951783,9.6,12,0,0.115935,0.00966125,0.014241,0
matched_baseline,MPC-CBF-3,0.8,0.15,inward,10,timeout,0.2152329781117175,30.0,38,0,195.943209,5.156400236842106,15.592027,1
matched_baseline,SRCBF,0.8,0.15,inward,11,arrived,0.02716675097136312,8.799999999999999,11,0,0.123235,0.011203181818181819,0.017356,0
matched_baseline,CAP,0.8,0.15,inward,11,arrived,0.007209317564806583,8.799999999999999,11,0,0.139793,0.012708454545454545,0.040722,0
matched_baseline,MPC-CBF-3,0.8,0.15,inward,11,timeout,0.21470093578569482,30.0,38,0,187.813619,4.942463657894737,7.941558,0
matched_baseline,SRCBF,0.8,0.15,inward,12,arrived,0.024753584449481725,9.6,12,0,0.13287,0.0110725,0.017316,0
matched_baseline,CAP,0.8,0.15,inward,12,arrived,0.006471188698677355,9.6,12,0,0.147214,0.012267833333333334,0.031057,0
matched_baseline,MPC-CBF-3,0.8,0.15,inward,12,timeout,0.21484725525674908,30.0,38,0,185.753277,4.888244131578947,7.747084,0
matched_baseline,SRCBF,0.8,0.15,inward,13,arrived,0.01424146851791086,9.6,12,0,0.133151,0.011095916666666665,0.017296,0
matched_baseline,CAP,0.8,0.15,inward,13,arrived,0.003320059995001512,9.6,12,0,0.115916,0.009659666666666665,0.014181,0
matched_baseline,MPC-CBF-3,0.8,0.15,inward,13,timeout,0.21522774621478313,30.0,38,0,182.796035,4.81042197368421,7.303025,0
matched_baseline,SRCBF,0.8,0.15,inward,14,arrived,0.014744210616226328,9.6,12,0,0.137868,0.011489,0.017266,0
matched_baseline,CAP,0.8,0.15,inward,14,arrived,0.0034682718538207036,9.6,12,0,0.114771,0.00956425,0.014321,0
matched_baseline,MPC-CBF-3,0.8,0.15,inward,14,timeout,0.21522220166042594,30.0,38,0,183.040377,4.8168520263157895,7.111888,0
matched_baseline,SRCBF,0.8,0.15,inward,15,arrived,0.016896479168746703,9.6,12,0,0.139809,0.01165075,0.018848,0
matched_baseline,CAP,0.8,0.15,inward,15,arrived,0.004105765708136477,9.6,12,0,0.129423,0.01078525,0.022844,0
matched_baseline,MPC-CBF-3,0.8,0.15,inward,15,timeout,0.2151804991761841,30.0,38,0,203.288792,5.349705052631579,21.640282,1
matched_baseline,SRCBF,0.8,0.15,inward,16,arrived,0.01898685987405513,9.6,12,0,0.130706,0.010892166666666666,0.017166,0
matched_baseline,CAP,0.8,0.15,inward,16,arrived,0.0047293527779112,9.6,12,0,0.149394,0.0124495,0.04652,0
matched_baseline,MPC-CBF-3,0.8,0.15,inward,16,timeout,0.21511678070977314,30.0,38,0,187.232966,4.927183315789473,7.373812,0
matched_baseline,SRCBF,0.8,0.15,inward,17,arrived,0.014533552945778738,9.6,12,0,0.152749,0.012729083333333334,0.030166,0
matched_baseline,CAP,0.8,0.15,inward,17,arrived,0.003406135239608976,9.6,12,0,0.116706,0.0097255,0.014202,0
matched_baseline,MPC-CBF-3,0.8,0.15,inward,17,timeout,0.2152245424083883,30.0,38,0,192.358441,5.062064236842105,7.753163,0
matched_baseline,SRCBF,0.8,0.15,inward,18,arrived,0.02195641159207562,9.6,12,0,0.132517,0.011043083333333334,0.017726,0
matched_baseline,CAP,0.8,0.15,inward,18,arrived,0.005622402948764482,9.6,12,0,0.117007,0.009750583333333333,0.014171,0
matched_baseline,MPC-CBF-3,0.8,0.15,inward,18,timeout,0.21499328427392106,30.0,38,0,192.333046,5.06139594736842,11.184615,1
matched_baseline,SRCBF,0.8,0.15,inward,19,arrived,0.02157184521260047,9.6,12,0,0.149178,0.0124315,0.029264,0
matched_baseline,CAP,0.8,0.15,inward,19,arrived,0.005506281016638859,9.6,12,0,0.11516,0.009596666666666667,0.014452,0
matched_baseline,MPC-CBF-3,0.8,0.15,inward,19,timeout,0.21501125204818794,30.0,38,0,197.969243,5.209716921052632,7.415615,0
matched_baseline,SRCBF,0.8,0.45,bias,0,arrived,0.1022014424823543,8.799999999999999,11,0,0.128344,0.011667636363636364,0.017206,0
matched_baseline,CAP,0.8,0.45,bias,0,arrived,0.09049905887910381,8.799999999999999,11,0,0.108794,0.009890363636363636,0.014231,0
matched_baseline,MPC-CBF-3,0.8,0.45,bias,0,timeout,0.24118499359930667,30.0,38,0,209.48393,5.512735,16.581478,2
matched_baseline,SRCBF,0.8,0.45,bias,1,arrived,0.13347601610872062,6.3999999999999995,8,0,0.089294,0.01116175,0.016885,0
matched_baseline,CAP,0.8,0.45,bias,1,arrived,0.09520538238173415,6.3999999999999995,8,0,0.076095,0.009511875,0.014271,0
matched_baseline,MPC-CBF-3,0.8,0.45,bias,1,arrived,0.30715195281466157,6.3999999999999995,8,0,43.390419,5.423802375,6.553035,0
matched_baseline,SRCBF,0.8,0.45,bias,2,arrived,0.1198879246393304,8.799999999999999,11,0,0.324289,0.02948081818181818,0.209706,0
matched_baseline,CAP,0.8,0.45,bias,2,arrived,0.10662795333519648,8.799999999999999,11,0,0.110737,0.010067,0.014542,0
matched_baseline,MPC-CBF-3,0.8,0.45,bias,2,timeout,0.240771315395655,30.0,38,0,190.936987,5.024657552631579,7.131057,0
matched_baseline,SRCBF,0.8,0.45,bias,3,arrived,0.08520344557574377,7.999999999999999,10,0,0.119313,0.011931299999999999,0.017427,0
matched_baseline,CAP,0.8,0.45,bias,3,arrived,0.07072425615989208,7.999999999999999,10,0,0.095043,0.009504299999999999,0.014251,0
matched_baseline,MPC-CBF-3,0.8,0.45,bias,3,timeout,0.2464644501849107,30.0,38,0,194.954519,5.130382078947368,16.931165,1
matched_baseline,SRCBF,0.8,0.45,bias,4,arrived,0.244924100940499,8.799999999999999,11,0,0.116352,0.010577454545454546,0.017115,0
matched_baseline,CAP,0.8,0.45,bias,4,arrived,0.2056125371433739,8.799999999999999,11,0,0.102166,0.009287818181818182,0.014272,0
matched_baseline,MPC-CBF-3,0.8,0.45,bias,4,timeout,0.3192250837840007,30.0,38,0,180.476073,4.749370342105263,6.292704,0
matched_baseline,SRCBF,0.8,0.45,bias,5,arrived,0.22859329174251308,7.199999999999999,9,0,0.143125,0.015902777777777776,0.052519,0
matched_baseline,CAP,0.8,0.45,bias,5,arrived,0.18015442961059136,7.199999999999999,9,0,0.084338,0.009370888888888889,0.014622,0
matched_baseline,MPC-CBF-3,0.8,0.45,bias,5,timeout,0.420895759108316,30.0,38,0,181.003782,4.763257421052632,8.697206,0
matched_baseline,SRCBF,0.8,0.45,bias,6,arrived,0.14836119222563637,9.6,12,0,0.132928,0.011077333333333333,0.017436,0
matched_baseline,CAP,0.8,0.45,bias,6,arrived,0.13305013160807144,9.6,12,0,0.115894,0.009657833333333334,0.014381,0
matched_baseline,MPC-CBF-3,0.8,0.45,bias,6,timeout,0.24816210821013596,30.0,38,0,184.845467,4.864354394736842,6.603391,0
matched_baseline,SRCBF,0.8,0.45,bias,7,arrived,0.1718920008024004,6.3999999999999995,8,0,0.112472,0.014059,0.037637,0
matched_baseline,CAP,0.8,0.45,bias,7,arrived,0.13038111720931322,6.3999999999999995,8,0,0.076326,0.00954075,0.014442,0
matched_baseline,MPC-CBF-3,0.8,0.45,bias,7,arrived,0.35573493875551754,7.199999999999999,9,0,43.757533,4.861948111111111,6.474216,0
matched_baseline,SRCBF,0.8,0.45,bias,8,arrived,0.11093722610987644,6.3999999999999995,8,0,0.088742,0.01109275,0.016935,0
matched_baseline,CAP,0.8,0.45,bias,8,arrived,0.07401803053192835,6.3999999999999995,8,0,0.076626,0.00957825,0.014451,0
matched_baseline,MPC-CBF-3,0.8,0.45,bias,8,arrived,0.27577287556758256,6.3999999999999995,8,0,45.018463,5.627307875,7.718301,0
matched_baseline,SRCBF,0.8,0.45,bias,9,arrived,0.11147049570866241,9.6,12,0,0.165699,0.01380825,0.033059,0
matched_baseline,CAP,0.8,0.45,bias,9,arrived,0.1006600868045181,9.6,12,0,0.119873,0.009989416666666666,0.016565,0
matched_baseline,MPC-CBF-3,0.8,0.45,bias,9,timeout,0.2406796487127656,30.0,38,0,187.08473,4.923282368421052,6.704744,0
matched_baseline,SRCBF,0.8,0.45,bias,10,arrived,0.0676653964643531,8.799999999999999,11,0,0.146281,0.013298272727272728,0.028904,0
matched_baseline,CAP,0.8,0.45,bias,10,arrived,0.05774052921909645,8.799999999999999,11,0,0.31818,0.028925454545454546,0.210828,0
matched_baseline,MPC-CBF-3,0.8,0.45,bias,10,timeout,0.2301947610269648,30.0,38,0,197.510075,5.197633552631579,10.956592,1
matched_baseline,SRCBF,0.8,0.45,bias,11,arrived,0.2435541117945521,8.799999999999999,11,0,0.11968,0.01088,0.017357,0
matched_baseline,CAP,0.8,0.45,bias,11,arrived,0.20724755765696634,8.799999999999999,11,0,0.135987,0.012362454545454546,0.037326,0
matched_baseline,MPC-CBF-3,0.8,0.45,bias,11,timeout,0.31117489931781606,30.0,38,0,182.234416,4.79564252631579,10.748899,1
matched_baseline,SRCBF,0.8,0.45,bias,12,arrived,0.14283759720756062,6.3999999999999995,8,0,0.089315,0.011164375,0.017116,0
matched_baseline,CAP,0.8,0.45,bias,12,arrived,0.10366676491017557,6.3999999999999995,8,0,0.07863,0.00982875,0.014853,0
matched_baseline,MPC-CBF-3,0.8,0.45,bias,12,arrived,0.31352850060730963,6.3999999999999995,8,0,43.897653,5.487206625,7.048051,0
matched_baseline,SRCBF,0.8,0.45,bias,13,arrived,0.1968588560750164,7.199999999999999,9,0,0.095965,0.010662777777777778,0.016916,0
matched_baseline,CAP,0.8,0.45,bias,13,arrived,0.15260964896141538,7.199999999999999,9,0,0.082415,0.009157222222222223,0.014241,0
matched_baseline,MPC-CBF-3,0.8,0.45,bias,13,timeout,0.3891643070298674,30.0,38,0,179.372558,4.720330473684211,6.603511,0
matched_baseline,SRCBF,0.8,0.45,bias,14,arrived,0.15878967804988653,9.6,12,0,0.141516,0.011793,0.020191,0
matched_baseline,CAP,0.8,0.45,bias,14,arrived,0.14371157726842343,9.6,12,0,0.115996,0.009666333333333334,0.014412,0
matched_baseline,MPC-CBF-3,0.8,0.45,bias,14,timeout,0.25376219460449145,30.0,38,0,186.497035,4.9078167105263155,6.631804,0
matched_baseline,SRCBF,0.8,0.45,bias,15,arrived,0.22646401334303223,7.199999999999999,9,0,0.095815,0.010646111111111111,0.017417,0
matched_baseline,CAP,0.8,0.45,bias,15,arrived,0.17841598673365056,7.199999999999999,9,0,0.106541,0.011837888888888889,0.029915,0
matched_baseline,MPC-CBF-3,0.8,0.45,bias,15,timeout,0.4171754923058135,30.0,38,0,178.204617,4.689595184210527,6.656632,0
matched_baseline,SRCBF,0.8,0.45,bias,16,arrived,0.20286592215058352,9.6,12,0,0.131248,0.010937333333333334,0.017366,0
matched_baseline,CAP,0.8,0.45,bias,16,arrived,0.17816888797072572,9.6,12,0,0.114464,0.009538666666666666,0.014242,0
matched_baseline,MPC-CBF-3,0.8,0.45,bias,16,timeout,0.280580843418911,30.0,38,0,182.876598,4.81254205263158,7.244507,0
matched_baseline,SRCBF,0.8,0.45,bias,17,arrived,0.055514942184474836,7.999999999999999,10,0,0.110556,0.0110556,0.017627,0
matched_baseline,CAP,0.8,0.45,bias,17,arrived,0.03657811740473238,7.999999999999999,10,0,0.096032,0.009603200000000001,0.014231,0
matched_baseline,MPC-CBF-3,0.8,0.45,bias,17,arrived,0.21076889419083433,7.199999999999999,9,0,45.279794,5.031088222222222,6.809702,0
matched_baseline,SRCBF,0.8,0.45,bias,18,arrived,0.27444826480810436,7.999999999999999,10,0,0.104074,0.010407399999999999,0.018658,0
matched_baseline,CAP,0.8,0.45,bias,18,arrived,0.21824546271396295,7.999999999999999,10,0,0.088804,0.0088804,0.014752,0
matched_baseline,MPC-CBF-3,0.8,0.45,bias,18,timeout,0.4431524903751183,30.0,38,0,174.499977,4.592104657894737,6.57593,0
matched_baseline,SRCBF,0.8,0.45,bias,19,arrived,0.15483854575555145,6.3999999999999995,8,0,0.096224,0.012028,0.017987,0
matched_baseline,CAP,0.8,0.45,bias,19,arrived,0.11481798731783321,6.3999999999999995,8,0,0.079149,0.009893625,0.014783,0
matched_baseline,MPC-CBF-3,0.8,0.45,bias,19,arrived,0.3313068504821326,7.199999999999999,9,0,46.270089,5.141121,6.764734,0
matched_baseline,SRCBF,0.8,0.45,inward,0,arrived,0.0709734916683128,7.999999999999999,10,0,0.105106,0.0105106,0.016735,0
matched_baseline,CAP,0.8,0.45,inward,0,arrived,0.03831323098722572,7.999999999999999,10,0,0.088633,0.0088633,0.013991,0
matched_baseline,MPC-CBF-3,0.8,0.45,inward,0,timeout,0.2125242515145327,30.0,38,0,176.962639,4.65691155263158,6.647177,0
matched_baseline,SRCBF,0.8,0.45,inward,1,arrived,0.07271407159594268,7.999999999999999,10,0,0.103816,0.0103816,0.016915,0
matched_baseline,CAP,0.8,0.45,inward,1,arrived,0.03975189504312027,7.999999999999999,10,0,0.089724,0.0089724,0.014402,0
matched_baseline,MPC-CBF-3,0.8,0.45,inward,1,timeout,0.21206547492848338,30.0,38,0,192.640328,5.0694823157894735,7.634615,0
matched_baseline,SRCBF,0.8,0.45,inward,2,arrived,0.07621584530533676,7.999999999999999,10,0,0.105299,0.0105299,0.016886,0
matched_baseline,CAP,0.8,0.45,inward,2,arrived,0.042638010429863926,7.999999999999999,10,0,0.1176,0.01176,0.028593,0
matched_baseline,MPC-CBF-3,0.8,0.45,inward,2,timeout,0.21106650210756706,30.0,38,0,184.690844,4.860285368421053,6.79499,0
matched_baseline,SRCBF,0.8,0.45,inward,3,arrived,0.07869194656784773,7.999999999999999,10,0,0.148617,0.0148617,0.03997,0
matched_baseline,CAP,0.8,0.45,inward,3,arrived,0.0446706102498472,7.999999999999999,10,0,0.35943,0.035943,0.251288,0
matched_baseline,MPC-CBF-3,0.8,0.45,inward,3,timeout,0.21029723400529976,30.0,38,0,186.330044,4.903422210526315,8.166947,0
matched_baseline,SRCBF,0.8,0.45,inward,4,arrived,0.06675444238877104,7.999999999999999,10,0,0.103135,0.0103135,0.016815,0
matched_baseline,CAP,0.8,0.45,inward,4,arrived,0.03481856097107927,7.999999999999999,10,0,0.089125,0.0089125,0.014001,0
matched_baseline,MPC-CBF-3,0.8,0.45,inward,4,timeout,0.2135345731184506,30.0,38,0,179.540627,4.724753342105263,6.745615,0
matched_baseline,SRCBF,0.8,0.45,inward,5,arrived,0.06864994838238103,7.999999999999999,10,0,0.131156,0.0131156,0.027872,0
matched_baseline,CAP,0.8,0.45,inward,5,arrived,0.03638959504090522,7.999999999999999,10,0,0.090204,0.0090204,0.014532,0
matched_baseline,MPC-CBF-3,0.8,0.45,inward,5,timeout,0.21309835442253355,30.0,38,0,183.602722,4.831650578947368,7.258899,0
matched_baseline,SRCBF,0.8,0.45,inward,6,arrived,0.07234700491284152,7.999999999999999,10,0,0.103917,0.0103917,0.016835,0
matched_baseline,CAP,0.8,0.45,inward,6,arrived,0.03944869672102114,7.999999999999999,10,0,0.088985,0.0088985,0.014371,0
matched_baseline,MPC-CBF-3,0.8,0.45,inward,6,timeout,0.21216428910061058,30.0,38,0,186.418956,4.905762,7.235474,0
matched_baseline,SRCBF,0.8,0.45,inward,7,arrived,0.07113818595508525,7.999999999999999,10,0,0.137859,0.0137859,0.048313,0
matched_baseline,CAP,0.8,0.45,inward,7,arrived,0.038449454847905185,7.999999999999999,10,0,0.090058,0.0090058,0.014172,0
matched_baseline,MPC-CBF-3,0.8,0.45,inward,7,timeout,0.21248190042726645,30.0,38,0,183.342371,4.8247992368421055,6.888892,0
matched_baseline,SRCBF,0.8,0.45,inward,8,arrived,0.0752986719290688,7.999999999999999,10,0,0.101996,0.0101996,0.016856,0
matched_baseline,CAP,0.8,0.45,inward,8,arrived,0.04188329687290304,7.999999999999999,10,0,0.088942,0.008894200000000001,0.014081,0
matched_baseline,MPC-CBF-3,0.8,0.45,inward,8,timeout,0.2113380982120363,30.0,38,0,186.499731,4.9078876578947375,6.926549,0
matched_baseline,SRCBF,0.8,0.45,inward,9,arrived,0.0677525011385558,7.999999999999999,10,0,0.10532,0.010532,0.017346,0
matched_baseline,CAP,0.8,0.45,inward,9,arrived,0.03564591141738371,7.999999999999999,10,0,0.090948,0.0090948,0.014592,0
matched_baseline,MPC-CBF-3,0.8,0.45,inward,9,timeout,0.21330846939242165,30.0,38,0,178.331075,4.69292302631579,6.192621,0
matched_baseline,SRCBF,0.8,0.45,inward,10,arrived,0.06657736762312227,7.999999999999999,10,0,0.104746,0.0104746,0.017416,0
matched_baseline,CAP,0.8,0.45,inward,10,arrived,0.03467175043651227,7.999999999999999,10,0,0.089986,0.0089986,0.014362,0
matched_baseline,MPC-CBF-3,0.8,0.45,inward,10,timeout,0.21357385816024665,30.0,38,0,174.564292,4.593797157894737,5.880211,0
matched_baseline,SRCBF,0.8,0.45,inward,11,arrived,0.07808715326516313,7.999999999999999,10,0,0.143043,0.014304299999999999,0.057737,0
matched_baseline,CAP,0.8,0.45,inward,11,arrived,0.0441748404801664,7.999999999999999,10,0,0.118568,0.011856799999999999,0.02659,0
matched_baseline,MPC-CBF-3,0.8,0.45,inward,11,timeout,0.21049003936822808,30.0,38,0,178.552058,4.698738368421052,7.743469,0
matched_baseline,SRCBF,0.8,0.45,inward,12,arrived,0.07636737023898332,7.999999999999999,10,0,0.106463,0.0106463,0.017026,0
matched_baseline,CAP,0.8,0.45,inward,12,arrived,0.042762605458152914,7.999999999999999,10,0,0.099642,0.009964200000000001,0.016926,0
matched_baseline,MPC-CBF-3,0.8,0.45,inward,12,timeout,0.21102094484686718,30.0,38,0,175.782948,4.6258670526315795,6.698034,0
matched_baseline,SRCBF,0.8,0.45,inward,13,arrived,0.06782737925036242,7.999999999999999,10,0,0.102836,0.0102836,0.017156,0
matched_baseline,CAP,0.8,0.45,inward,13,arrived,0.03570797131829573,7.999999999999999,10,0,0.088583,0.0088583,0.014312,0
matched_baseline,MPC-CBF-3,0.8,0.45,inward,13,timeout,0.21329118451516904,30.0,38,0,181.272599,4.770331552631579,6.311081,0
matched_baseline,SRCBF,0.8,0.45,inward,14,arrived,0.06829226033111646,7.999999999999999,10,0,0.108155,0.0108155,0.017216,0
matched_baseline,CAP,0.8,0.45,inward,14,arrived,0.036093227599327427,7.999999999999999,10,0,0.090136,0.0090136,0.014963,0
matched_baseline,MPC-CBF-3,0.8,0.45,inward,14,timeout,0.21318287142655068,30.0,38,0,173.758284,4.572586421052632,6.35014,0
matched_baseline,SRCBF,0.8,0.45,inward,15,arrived,0.07020033756872313,7.999999999999999,10,0,0.104398,0.010439799999999999,0.017106,0
matched_baseline,CAP,0.8,0.45,inward,15,arrived,0.03767349000997289,7.999999999999999,10,0,0.089985,0.0089985,0.014381,0
matched_baseline,MPC-CBF-3,0.8,0.45,inward,15,timeout,0.21272012389280937,30.0,38,0,177.909822,4.681837421052632,7.206441,0
matched_baseline,SRCBF,0.8,0.45,inward,16,arrived,0.07194675424493391,7.999999999999999,10,0,0.103546,0.0103546,0.016625,0
matched_baseline,CAP,0.8,0.45,inward,16,arrived,0.03911796297709902,7.999999999999999,10,0,0.090678,0.009067799999999999,0.015243,0
matched_baseline,MPC-CBF-3,0.8,0.45,inward,16,timeout,0.2122707750923365,30.0,38,0,175.717248,4.624138105263158,6.852867,0
matched_baseline,SRCBF,0.8,0.45,inward,17,arrived,0.06809843793946402,7.999999999999999,10,0,0.105369,0.0105369,0.016975,0
matched_baseline,CAP,0.8,0.45,inward,17,arrived,0.035932612457875934,7.999999999999999,10,0,0.091776,0.009177600000000001,0.016424,0
matched_baseline,MPC-CBF-3,0.8,0.45,inward,17,timeout,0.21322824063954204,30.0,38,0,184.145125,4.845924342105263,6.284511,0
matched_baseline,SRCBF,0.8,0.45,inward,18,arrived,0.07428554747390659,7.999999999999999,10,0,0.103756,0.0103756,0.017096,0
matched_baseline,CAP,0.8,0.45,inward,18,arrived,0.0410485904570157,7.999999999999999,10,0,0.090505,0.0090505,0.014211,0
matched_baseline,MPC-CBF-3,0.8,0.45,inward,18,timeout,0.21162985779585397,30.0,38,0,182.145362,4.793299,9.115927,0
matched_baseline,SRCBF,0.8,0.45,inward,19,arrived,0.07399079740073788,7.999999999999999,10,0,0.107072,0.0107072,0.017146,0
matched_baseline,CAP,0.8,0.45,inward,19,arrived,0.04080555442862788,7.999999999999999,10,0,0.111357,0.0111357,0.027281,0
matched_baseline,MPC-CBF-3,0.8,0.45,inward,19,timeout,0.21171312693683841,30.0,38,0,179.516693,4.7241235,7.331389,0
