experiment,method,obstacle_count,seed,escape,status,min_clearance,time,escape_activations
random_static_field,SRCBF,3,0,0,arrived,0.04459763947215578,9.0,0
random_static_field,SRCBF,3,0,1,arrived,0.04459763947215578,9.0,0
random_static_field,CAP,3,0,0,arrived,0.01395627204041805,9.0,0
random_static_field,CAP,3,0,1,arrived,0.01395627204041805,9.0,0
random_static_field,SRCBF,3,1,0,arrived,0.136950019813171,12.0,0
random_static_field,SRCBF,3,1,1,arrived,0.136950019813171,12.0,0
random_static_field,CAP,3,1,0,arrived,0.10527138493843013,12.0,0
random_static_field,CAP,3,1,1,arrived,0.10527138493843013,12.0,0
random_static_field,SRCBF,3,2,0,arrived,0.045763371486343574,14.5,0
random_static_field,SRCBF,3,2,1,arrived,0.045763371486343574,14.5,0
random_static_field,CAP,3,2,0,arrived,0.06345955401359293,13.0,0
random_static_field,CAP,3,2,1,arrived,0.06345955401359293,13.0,0
random_static_field,SRCBF,3,3,0,arrived,0.004934859935163072,11.0,0
random_static_field,SRCBF,3,3,1,arrived,0.004934859935163072,11.0,1
random_static_field,CAP,3,3,0,arrived,0.0022839651867313515,11.5,0
random_static_field,CAP,3,3,1,arrived,0.0022839651867313515,10.0,1
random_static_field,SRCBF,3,4,0,arrived,0.07608826930608059,9.5,0
random_static_field,SRCBF,3,4,1,arrived,0.07608826930608059,9.5,0
random_static_field,CAP,3,4,0,arrived,0.1172532331866113,9.5,0
random_static_field,CAP,3,4,1,arrived,0.1172532331866113,9.5,0
random_static_field,SRCBF,3,5,0,arrived,0.22228653813163857,8.5,0
random_static_field,SRCBF,3,5,1,arrived,0.22228653813163857,8.5,0
random_static_field,CAP,3,5,0,arrived,0.16605841531404675,8.5,0
random_static_field,CAP,3,5,1,arrived,0.16605841531404675,8.5,0
random_static_field,SRCBF,3,6,0,arrived,0.11534222475603062,8.5,0
random_static_field,SRCBF,3,6,1,arrived,0.11534222475603062,8.5,0
random_static_field,CAP,3,6,0,arrived,0.0750725943765651,8.5,0
random_static_field,CAP,3,6,1,arrived,0.0750725943765651,8.5,0
random_static_field,SRCBF,3,7,0,arrived,0.05177541074259473,7.5,0
random_static_field,SRCBF,3,7,1,arrived,0.05177541074259473,7.5,0
random_static_field,CAP,3,7,0,arrived,0.015626513330503244,7.5,0
random_static_field,CAP,3,7,1,arrived,0.015626513330503244,7.5,0
random_static_field,SRCBF,3,8,0,arrived,0.20830590515299297,9.5,0
random_static_field,SRCBF,3,8,1,arrived,0.20830590515299297,9.5,0
random_static_field,CAP,3,8,0,arrived,0.1450249932351504,9.0,0
random_static_field,CAP,3,8,1,arrived,0.1450249932351504,9.0,0
random_static_field,SRCBF,3,9,0,arrived,0.02382719728281346,8.0,0
random_static_field,SRCBF,3,9,1,arrived,0.02382719728281346,8.0,0
random_static_field,CAP,3,9,0,arrived,0.010568454735806476,8.0,0
random_static_field,CAP,3,9,1,arrived,0.010568454735806476,8.0,0
random_static_field,SRCBF,3,10,0,arrived,0.010043633912720229,9.5,0
random_static_field,SRCBF,3,10,1,arrived,0.010043633912720229,9.5,0
random_static_field,CAP,3,10,0,arrived,0.0015861249070849848,9.0,0
random_static_field,CAP,3,10,1,arrived,0.0015861249070849848,9.0,0
random_static_field,SRCBF,3,11,0,arrived,0.13713224295553395,8.5,0
random_static_field,SRCBF,3,11,1,arrived,0.13713224295553395,8.5,0
random_static_field,CAP,3,11,0,arrived,0.07241112859892018,8.5,0
random_static_field,CAP,3,11,1,arrived,0.07241112859892018,8.5,0
random_static_field,SRCBF,3,12,0,arrived,0.04245173663756585,12.5,0
random_static_field,SRCBF,3,12,1,arrived,0.04245173663756585,12.5,0
random_static_field,CAP,3,12,0,arrived,0.054365055740144164,12.0,0
random_static_field,CAP,3,12,1,arrived,0.054365055740144164,12.0,0
random_static_field,SRCBF,3,13,0,timeout,0.0002221185063249198,30.0,0
random_static_field,SRCBF,3,13,1,timeout,0.0002221185063249198,30.0,8
random_static_field,CAP,3,13,0,timeout,4.6140654627602196e-05,30.0,0
random_static_field,CAP,3,13,1,timeout,4.6140654627602196e-05,30.0,8
random_static_field,SRCBF,3,14,0,arrived,0.13569386607124134,9.0,0
random_static_field,SRCBF,3,14,1,arrived,0.13569386607124134,9.0,0
random_static_field,CAP,3,14,0,arrived,0.10272893743552047,9.0,0
random_static_field,CAP,3,14,1,arrived,0.10272893743552047,9.0,0
random_static_field,SRCBF,3,15,0,arrived,0.1705015734725347,9.0,0
random_static_field,SRCBF,3,15,1,arrived,0.1705015734725347,9.0,0
random_static_field,CAP,3,15,0,arrived,0.12845874302552274,8.5,0
random_static_field,CAP,3,15,1,arrived,0.12845874302552274,8.5,0
random_static_field,SRCBF,3,16,0,arrived,0.09106018204438049,9.5,0
random_static_field,SRCBF,3,16,1,arrived,0.09106018204438049,9.5,0
random_static_field,CAP,3,16,0,arrived,0.04744676587895258,9.5,0
random_static_field,CAP,3,16,1,arrived,0.04744676587895258,9.5,0
random_static_field,SRCBF,3,17,0,arrived,0.12763047356947144,6.0,0
random_static_field,SRCBF,3,17,1,arrived,0.12763047356947144,6.0,0
random_static_field,CAP,3,17,0,arrived,0.07800344458332942,6.0,0
random_static_field,CAP,3,17,1,arrived,0.07800344458332942,6.0,0
random_static_field,SRCBF,3,18,0,timeout,0.03415588599288277,30.0,0
random_static_field,SRCBF,3,18,1,arrived,0.03427237870714672,16.0,1
random_static_field,CAP,3,18,0,timeout,0.024250755700996662,30.0,0
random_static_field,CAP,3,18,1,arrived,0.024302227020346012,14.5,1
random_static_field,SRCBF,3,19,0,timeout,0.02081851041445215,30.0,0
random_static_field,SRCBF,3,19,1,timeout,0.02097028536034884,30.0,5
random_static_field,CAP,3,19,0,timeout,0.013684795645249381,30.0,0
random_static_field,CAP,3,19,1,timeout,0.013684809639300966,30.0,5
random_static_field,SRCBF,5,0,0,arrived,0.018788158326319304,9.0,0
random_static_field,SRCBF,5,0,1,arrived,0.018788158326319304,9.0,0
random_static_field,CAP,5,0,0,arrived,0.0020127621068550816,9.0,0
random_static_field,CAP,5,0,1,arrived,0.0020127621068550816,9.0,0
random_static_field,SRCBF,5,1,0,timeout,0.03579364033776411,30.0,0
random_static_field,SRCBF,5,1,1,timeout,0.03579364033776411,30.0,9
random_static_field,CAP,5,1,0,timeout,0.008007671022587037,30.0,0
random_static_field,CAP,5,1,1,timeout,0.008007671022587037,30.0,9
random_static_field,SRCBF,5,2,0,timeout,0.04217555574921428,30.0,0
random_static_field,SRCBF,5,2,1,timeout,0.04217555574921428,30.0,8
random_static_field,CAP,5,2,0,timeout,0.023486395884188993,30.0,0
random_static_field,CAP,5,2,1,timeout,0.023486395884188993,30.0,9
random_static_field,SRCBF,5,3,0,timeout,0.02533448826860385,30.0,0
random_static_field,SRCBF,5,3,1,timeout,0.0238663562440683,30.0,8
random_static_field,CAP,5,3,0,timeout,0.018137188119027203,30.0,0
random_static_field,CAP,5,3,1,timeout,0.017076059380470077,30.0,9
random_static_field,SRCBF,5,4,0,arrived,0.10045446652208612,13.0,0
random_static_field,SRCBF,5,4,1,arrived,0.10045446652208612,13.0,0
random_static_field,CAP,5,4,0,arrived,0.0765536058159858,13.0,0
random_static_field,CAP,5,4,1,arrived,0.0765536058159858,13.0,0
random_static_field,SRCBF,5,5,0,arrived,0.016094978759529477,9.5,0
random_static_field,SRCBF,5,5,1,arrived,0.016094978759529477,9.5,0
random_static_field,CAP,5,5,0,arrived,0.0033737039987538076,9.5,0
random_static_field,CAP,5,5,1,arrived,0.0033737039987538076,9.5,0
random_static_field,SRCBF,5,6,0,arrived,0.07006861027995526,8.0,0
random_static_field,SRCBF,5,6,1,arrived,0.07006861027995526,8.0,0
random_static_field,CAP,5,6,0,arrived,0.02199000836109999,7.5,0
random_static_field,CAP,5,6,1,arrived,0.02199000836109999,7.5,0
random_static_field,SRCBF,5,7,0,timeout,0.1361979819333483,30.0,0
random_static_field,SRCBF,5,7,1,arrived,0.13623600378889966,14.5,1
random_static_field,CAP,5,7,0,timeout,0.10477595330363076,30.0,0
random_static_field,CAP,5,7,1,arrived,0.10477595330363076,13.5,1
random_static_field,SRCBF,5,8,0,timeout,0.000364392679846004,30.0,0
random_static_field,SRCBF,5,8,1,timeout,0.000364392679846004,30.0,8
random_static_field,CAP,5,8,0,timeout,0.00013714734325254163,30.0,0
random_static_field,CAP,5,8,1,timeout,0.00013714734325254163,30.0,8
random_static_field,SRCBF,5,9,0,timeout,0.013141470460722449,30.0,0
random_static_field,SRCBF,5,9,1,timeout,0.013141470460722449,30.0,9
random_static_field,CAP,5,9,0,timeout,0.01058450275689038,30.0,0
random_static_field,CAP,5,9,1,timeout,0.01058450275689038,30.0,9
random_static_field,SRCBF,5,10,0,timeout,0.0021423338213866217,30.0,0
random_static_field,SRCBF,5,10,1,arrived,0.0021666843847867323,14.5,1
random_static_field,CAP,5,10,0,timeout,0.0011857615136143806,30.0,0
random_static_field,CAP,5,10,1,arrived,0.0011857615136143806,13.0,1
random_static_field,SRCBF,5,11,0,timeout,4.8866082648091336e-06,30.0,0
random_static_field,SRCBF,5,11,1,timeout,5.8981715435058035e-05,30.0,3
random_static_field,CAP,5,11,0,timeout,5.2758585570855665e-05,30.0,0
random_static_field,CAP,5,11,1,timeout,5.2758585570855665e-05,30.0,5
random_static_field,SRCBF,5,12,0,timeout,0.015810582437793763,30.0,0
random_static_field,SRCBF,5,12,1,timeout,0.015824016638561922,30.0,4
random_static_field,CAP,5,12,0,timeout,0.01250129537068756,30.0,0
random_static_field,CAP,5,12,1,arrived,0.01250129537068756,14.0,1
random_static_field,SRCBF,5,13,0,timeout,0.0022747287840848562,30.0,0
random_static_field,SRCBF,5,13,1,timeout,0.0022747287840848562,30.0,8
random_static_field,CAP,5,13,0,timeout,0.0007952377220660223,30.0,0
random_static_field,CAP,5,13,1,timeout,0.0007952377220660223,30.0,8
random_static_field,SRCBF,5,14,0,arrived,0.10693065682361957,9.0,0
random_static_field,SRCBF,5,14,1,arrived,0.10693065682361957,9.0,0
random_static_field,CAP,5,14,0,arrived,0.05092061209167642,9.0,0
random_static_field,CAP,5,14,1,arrived,0.05092061209167642,9.0,0
random_static_field,SRCBF,5,15,0,timeout,0.10096977999079026,30.0,0
random_static_field,SRCBF,5,15,1,timeout,0.10096977999079026,30.0,9
random_static_field,CAP,5,15,0,timeout,0.07433701164035811,30.0,0
random_static_field,CAP,5,15,1,timeout,0.07433701164035811,30.0,9
random_static_field,SRCBF,5,16,0,arrived,0.06578808832699634,12.0,0
random_static_field,SRCBF,5,16,1,arrived,0.06578808832699634,12.0,0
random_static_field,CAP,5,16,0,arrived,0.04399344293379148,12.0,0
random_static_field,CAP,5,16,1,arrived,0.04399344293379148,12.0,0
random_static_field,SRCBF,5,17,0,timeout,0.0001394374706212842,30.0,0
random_static_field,SRCBF,5,17,1,timeout,0.0001394374706212842,30.0,9
random_static_field,CAP,5,17,0,timeout,4.8524618319945034e-05,30.0,0
random_static_field,CAP,5,17,1,timeout,4.807558493669095e-05,30.0,10
random_static_field,SRCBF,5,18,0,arrived,0.024074101028176087,9.0,0
random_static_field,SRCBF,5,18,1,arrived,0.024074101028176087,9.0,0
random_static_field,CAP,5,18,0,arrived,0.01782999840652344,9.0,0
random_static_field,CAP,5,18,1,arrived,0.01782999840652344,9.0,0
random_static_field,SRCBF,5,19,0,timeout,0.0023385653381792215,30.0,0
random_static_field,SRCBF,5,19,1,timeout,0.0023385653381792215,30.0,8
random_static_field,CAP,5,19,0,timeout,0.0023547170410199714,30.0,0
random_static_field,CAP,5,19,1,timeout,0.0023547170410199714,30.0,9
