experiment,method,dt,tau_v,offset,regime,seed,status,min_clearance,time,corrected_updates,min_predicted_lower_bound,uncertifiable_updates
servo_aware,SRCBF,0.5,0.1,0.15,bias,0,arrived,0.11677523673681778,10.5,2,-4.163336342344337e-16,0
servo_aware,SRCBF,0.5,0.1,0.15,bias,1,arrived,0.026712310737332934,7.5,2,-3.4716673980028645e-13,0
servo_aware,SRCBF,0.5,0.1,0.15,bias,2,arrived,0.12832209318163534,11.0,2,-5.812630654578044e-10,0
servo_aware,SRCBF,0.5,0.1,0.15,bias,3,arrived,0.08605320218392376,10.5,2,-1.074140776324839e-14,0
servo_aware,SRCBF,0.5,0.1,0.15,bias,4,arrived,0.14328113795507136,11.0,2,-2.2551405187698492e-15,0
servo_aware,SRCBF,0.5,0.1,0.15,bias,5,arrived,0.09985607694732734,8.0,2,-1.2508882818451639e-12,0
servo_aware,SRCBF,0.5,0.1,0.15,bias,6,arrived,0.1137681807046429,11.5,2,-3.6859951202394825e-10,0
servo_aware,SRCBF,0.5,0.1,0.15,bias,7,arrived,0.06146887024291747,7.5,2,4.440892098500626e-16,0
servo_aware,SRCBF,0.5,0.1,0.15,bias,8,arrived,0.011196481071866438,8.0,2,-1.940114735532461e-12,0
servo_aware,SRCBF,0.5,0.1,0.15,bias,9,arrived,0.1316245161009848,10.5,2,-7.193839135499758e-10,0
servo_aware,SRCBF,0.5,0.1,0.15,bias,10,arrived,0.07611516175468602,10.0,2,-1.347880140833979e-13,0
servo_aware,SRCBF,0.5,0.1,0.15,bias,11,arrived,0.1436823424206468,10.5,2,-9.734932304716892e-10,0
servo_aware,SRCBF,0.5,0.1,0.15,bias,12,arrived,0.03316888364518933,7.5,2,-4.701794509287538e-14,0
servo_aware,SRCBF,0.5,0.1,0.15,bias,13,arrived,0.08918606357353698,8.0,2,-1.4094836409128675e-11,0
servo_aware,SRCBF,0.5,0.1,0.15,bias,14,arrived,0.12139354444240413,11.5,2,-1.605974797591614e-10,0
servo_aware,SRCBF,0.5,0.1,0.15,bias,15,arrived,0.0968476289413237,8.0,2,-2.6503521599607893e-12,0
servo_aware,SRCBF,0.5,0.1,0.15,bias,16,arrived,0.13079574063577604,15.0,2,-7.567557691601223e-14,0
servo_aware,SRCBF,0.5,0.1,0.15,bias,17,arrived,0.05170173383111987,9.5,2,-2.304301194300251e-11,0
servo_aware,SRCBF,0.5,0.1,0.15,bias,18,arrived,0.14956190529643787,8.5,2,-3.381114832556875e-13,0
servo_aware,SRCBF,0.5,0.1,0.15,bias,19,arrived,0.044212280121540215,7.5,2,-6.328271240363392e-15,0
servo_aware,SRCBF,0.5,0.1,0.15,inward,0,arrived,0.0019240534536756337,9.5,3,-3.0012603513540625e-11,0
servo_aware,SRCBF,0.5,0.1,0.15,inward,1,arrived,0.002335401671310966,9.5,3,-2.6268664952199612e-11,0
servo_aware,SRCBF,0.5,0.1,0.15,inward,2,arrived,0.003226281668353259,9.5,3,-4.452216373351803e-12,0
servo_aware,SRCBF,0.5,0.1,0.15,inward,3,arrived,0.0039285681045281295,9.5,2,-2.032429780030043e-12,0
servo_aware,SRCBF,0.5,0.1,0.15,inward,4,arrived,0.0010135600369016728,10.0,3,-1.1786593923091004e-10,0
servo_aware,SRCBF,0.5,0.1,0.15,inward,5,arrived,0.0014074248449833515,10.0,3,-6.360156845630627e-11,0
servo_aware,SRCBF,0.5,0.1,0.15,inward,6,arrived,0.002246918380700458,9.5,3,-2.1413915616847606e-11,0
servo_aware,SRCBF,0.5,0.1,0.15,inward,7,arrived,0.0019620825699924183,9.5,3,-2.7616187114887225e-11,0
servo_aware,SRCBF,0.5,0.1,0.15,inward,8,arrived,0.002984746372603486,9.5,3,-8.337304258028465e-11,0
servo_aware,SRCBF,0.5,0.1,0.15,inward,9,arrived,0.0012178441580117383,10.0,3,-8.376083160399617e-11,0
servo_aware,SRCBF,0.5,0.1,0.15,inward,10,arrived,0.0009780394623797317,10.0,3,-1.2498624357704102e-10,0
servo_aware,SRCBF,0.5,0.1,0.15,inward,11,arrived,0.0037372187154435244,9.5,3,-2.2642443475717755e-12,0
servo_aware,SRCBF,0.5,0.1,0.15,inward,12,arrived,0.0032667472993224145,9.5,3,-4.694855615383631e-12,0
servo_aware,SRCBF,0.5,0.1,0.15,inward,13,arrived,0.0012334485870281187,10.0,3,-8.408962415273891e-11,0
servo_aware,SRCBF,0.5,0.1,0.15,inward,14,arrived,0.0013311984062607252,10.0,3,-7.031458748585351e-11,0
servo_aware,SRCBF,0.5,0.1,0.15,inward,15,arrived,0.001748021606916561,10.0,3,-3.7235770022903125e-11,0
servo_aware,SRCBF,0.5,0.1,0.15,inward,16,arrived,0.0021514927732503297,9.5,3,-2.1973478592229867e-11,0
servo_aware,SRCBF,0.5,0.1,0.15,inward,17,arrived,0.0012902621332906428,10.0,3,-7.543393687470257e-11,0
servo_aware,SRCBF,0.5,0.1,0.15,inward,18,arrived,0.002724714552658991,9.5,3,-5.5007432047109606e-11,0
servo_aware,SRCBF,0.5,0.1,0.15,inward,19,arrived,0.0026503958128299976,9.5,3,-4.776986219479464e-11,0
servo_aware,SRCBF,0.5,0.1,0.45,bias,0,arrived,0.06801410135448493,9.5,2,-2.5091040356528538e-14,0
servo_aware,SRCBF,0.5,0.1,0.45,bias,1,arrived,0.0812595389568539,6.5,1,-1.1093001517359369e-12,0
servo_aware,SRCBF,0.5,0.1,0.45,bias,2,arrived,0.08441127153735095,9.5,2,-8.509699889192035e-10,0
servo_aware,SRCBF,0.5,0.1,0.45,bias,3,arrived,0.06678456954576617,9.0,2,-8.992806499463768e-15,0
servo_aware,SRCBF,0.5,0.1,0.45,bias,4,arrived,0.16752227843910217,9.0,2,-9.427848779441916e-11,0
servo_aware,SRCBF,0.5,0.1,0.45,bias,5,arrived,0.1807018437629847,7.0,2,-2.3696405948570032e-11,0
servo_aware,SRCBF,0.5,0.1,0.45,bias,6,arrived,0.09448490005361798,9.5,2,-2.2244879896438086e-10,0
servo_aware,SRCBF,0.5,0.1,0.45,bias,7,arrived,0.12113413062656386,6.5,1,-2.619045397223019e-10,0
servo_aware,SRCBF,0.5,0.1,0.45,bias,8,arrived,0.08624970874906401,6.5,1,0.02058350822901034,0
servo_aware,SRCBF,0.5,0.1,0.45,bias,9,arrived,0.0744329554244536,10.0,2,-7.771561172376096e-15,0
servo_aware,SRCBF,0.5,0.1,0.45,bias,10,arrived,0.04210893715231201,9.5,2,-3.052183505936057e-12,0
servo_aware,SRCBF,0.5,0.1,0.45,bias,11,arrived,0.16729678253137725,9.0,2,-1.380391634331346e-10,0
servo_aware,SRCBF,0.5,0.1,0.45,bias,12,arrived,0.09196222178456426,6.5,1,-6.244310624126115e-14,0
servo_aware,SRCBF,0.5,0.1,0.45,bias,13,arrived,0.15942932369770269,7.5,2,-5.895967047919726e-11,0
servo_aware,SRCBF,0.5,0.1,0.45,bias,14,arrived,0.10313950661541249,9.5,2,-2.402400223200374e-10,0
servo_aware,SRCBF,0.5,0.1,0.45,bias,15,arrived,0.17888802936817982,7.0,2,-2.2438051416884264e-11,0
servo_aware,SRCBF,0.5,0.1,0.45,bias,16,arrived,0.13459408399421302,9.5,2,-2.062673920555369e-10,0
servo_aware,SRCBF,0.5,0.1,0.45,bias,17,arrived,0.032230251447843306,8.0,1,0.006064160903280975,0
servo_aware,SRCBF,0.5,0.1,0.45,bias,18,arrived,0.21755017655067332,7.5,2,-4.080520643601204e-11,0
servo_aware,SRCBF,0.5,0.1,0.45,bias,19,arrived,0.10386774791244335,6.5,1,-9.391192962171502e-10,0
servo_aware,SRCBF,0.5,0.1,0.45,inward,0,arrived,0.030251412400927324,8.5,2,-1.2814527217130944e-11,0
servo_aware,SRCBF,0.5,0.1,0.45,inward,1,arrived,0.031477837129276764,8.0,2,-5.4012350148013866e-14,0
servo_aware,SRCBF,0.5,0.1,0.45,inward,2,arrived,0.04082764604816014,8.0,1,0.009210514347648024,0
servo_aware,SRCBF,0.5,0.1,0.45,inward,3,arrived,0.048187851753781374,8.0,1,0.01734035251985888,0
servo_aware,SRCBF,0.5,0.1,0.45,inward,4,arrived,0.027304430721334372,8.5,2,-7.179715710847745e-10,0
servo_aware,SRCBF,0.5,0.1,0.45,inward,5,arrived,0.028624017501736487,8.5,2,-1.919996939214741e-10,0
servo_aware,SRCBF,0.5,0.1,0.45,inward,6,arrived,0.03121866324871525,8.0,2,-4.1616710078073993e-13,0
servo_aware,SRCBF,0.5,0.1,0.45,inward,7,arrived,0.030367183566596512,8.5,2,-9.769574038642759e-12,0
servo_aware,SRCBF,0.5,0.1,0.45,inward,8,arrived,0.03804489103677544,8.0,1,0.006269147713168943,0
servo_aware,SRCBF,0.5,0.1,0.45,inward,9,arrived,0.0279983606981149,8.5,2,-3.819207172739425e-10,0
servo_aware,SRCBF,0.5,0.1,0.45,inward,10,arrived,0.02718151858773421,8.5,2,-7.942221325052401e-10,0
servo_aware,SRCBF,0.5,0.1,0.45,inward,11,arrived,0.04641141268614657,8.0,1,0.01532912483924126,0
servo_aware,SRCBF,0.5,0.1,0.45,inward,12,arrived,0.04128454303998497,8.0,1,0.009700092480233291,0
servo_aware,SRCBF,0.5,0.1,0.45,inward,13,arrived,0.02805050105627771,8.5,2,-3.6176012185862305e-10,0
servo_aware,SRCBF,0.5,0.1,0.45,inward,14,arrived,0.028374462887561847,8.5,2,-2.5732388442278875e-10,0
servo_aware,SRCBF,0.5,0.1,0.45,inward,15,arrived,0.029708677787524618,8.5,2,-4.0121628241962526e-11,0
servo_aware,SRCBF,0.5,0.1,0.45,inward,16,arrived,0.0309363882243604,8.0,2,-1.4973022821607174e-12,0
servo_aware,SRCBF,0.5,0.1,0.45,inward,17,arrived,0.028239341783063754,8.5,2,-2.9629254605367805e-10,0
servo_aware,SRCBF,0.5,0.1,0.45,inward,18,arrived,0.03493804186649596,8.0,1,0.003063999931019745,0
servo_aware,SRCBF,0.5,0.1,0.45,inward,19,arrived,0.034027965421140616,8.0,1,0.002140180655541779,0
servo_aware,CAP,0.5,0.1,0.15,bias,0,arrived,0.11092151530285987,11.0,8,-6.462792939698758e-10,0
servo_aware,CAP,0.5,0.1,0.15,bias,1,arrived,0.02515087459884713,7.5,2,-3.4716673980028645e-13,0
servo_aware,CAP,0.5,0.1,0.15,bias,2,arrived,0.12488382711289536,12.0,9,-2.9096128284500367e-11,0
servo_aware,CAP,0.5,0.1,0.15,bias,3,arrived,0.08014006869839285,11.0,8,-6.84464984690436e-12,0
servo_aware,CAP,0.5,0.1,0.15,bias,4,arrived,0.18142801577904266,13.5,9,-1.5588502710883745e-12,0
servo_aware,CAP,0.5,0.1,0.15,bias,5,arrived,0.1152365266118407,9.0,5,-4.5666928571996834e-11,0
servo_aware,CAP,0.5,0.1,0.15,bias,6,arrived,0.12998605252361972,12.5,9,-8.04514788121935e-12,0
servo_aware,CAP,0.5,0.1,0.15,bias,7,arrived,0.056326393866195534,7.5,2,4.440892098500626e-16,0
servo_aware,CAP,0.5,0.1,0.15,bias,8,arrived,0.010509347121781198,8.0,2,-1.940114735532461e-12,0
servo_aware,CAP,0.5,0.1,0.15,bias,9,arrived,0.12600604158565243,11.0,8,-8.041227406163642e-12,0
servo_aware,CAP,0.5,0.1,0.15,bias,10,arrived,0.07370582545363402,10.5,7,-2.9937195084039914e-11,0
servo_aware,CAP,0.5,0.1,0.15,bias,11,arrived,0.15969131257743685,12.0,9,-2.1298254826440655e-11,0
servo_aware,CAP,0.5,0.1,0.15,bias,12,arrived,0.031232789909568348,7.5,2,-4.701794509287538e-14,0
servo_aware,CAP,0.5,0.1,0.15,bias,13,arrived,0.07820628280464559,8.0,3,-4.75314222876666e-10,0
servo_aware,CAP,0.5,0.1,0.15,bias,14,arrived,0.17509521814386864,12.5,9,-7.1643871391025016e-12,0
servo_aware,CAP,0.5,0.1,0.15,bias,15,arrived,0.1123124148899054,8.5,3,-6.27346230519521e-11,0
servo_aware,CAP,0.5,0.1,0.15,bias,16,arrived,0.15077313123263458,20.0,19,-4.945807513534461e-10,0
servo_aware,CAP,0.5,0.1,0.15,bias,17,arrived,0.042301136811890405,10.0,8,-2.304301194300251e-11,0
servo_aware,CAP,0.5,0.1,0.15,bias,18,arrived,0.17956130100894419,9.0,5,-3.191940878277677e-10,0
servo_aware,CAP,0.5,0.1,0.15,bias,19,arrived,0.04128890933383311,7.5,2,-6.328271240363392e-15,0
servo_aware,CAP,0.5,0.1,0.15,inward,0,arrived,0.0019240534140642085,9.5,3,-3.0012603513540625e-11,0
servo_aware,CAP,0.5,0.1,0.15,inward,1,arrived,0.002335401567967965,9.5,3,-2.601748247656947e-11,0
servo_aware,CAP,0.5,0.1,0.15,inward,2,arrived,0.003226280608923493,9.5,3,-1.1936458908150347e-11,0
servo_aware,CAP,0.5,0.1,0.15,inward,3,arrived,0.003907567826006542,9.5,3,-5.943743595042536e-12,0
servo_aware,CAP,0.5,0.1,0.15,inward,4,arrived,0.0010135600346810048,10.0,3,-1.1786593923091004e-10,0
servo_aware,CAP,0.5,0.1,0.15,inward,5,arrived,0.0014074248354238872,10.0,3,-6.360156845630627e-11,0
servo_aware,CAP,0.5,0.1,0.15,inward,6,arrived,0.002246918294924849,9.5,3,-2.1386086625498307e-11,0
servo_aware,CAP,0.5,0.1,0.15,inward,7,arrived,0.001962082525925113,9.5,3,-2.7616187114887225e-11,0
servo_aware,CAP,0.5,0.1,0.15,inward,8,arrived,0.0029847461507653827,9.5,3,-6.089517778917752e-12,0
servo_aware,CAP,0.5,0.1,0.15,inward,9,arrived,0.0012178441533301498,10.0,3,-8.376083160399617e-11,0
servo_aware,CAP,0.5,0.1,0.15,inward,10,arrived,0.0009780394610290344,10.0,3,-1.2498624357704102e-10,0
servo_aware,CAP,0.5,0.1,0.15,inward,11,arrived,0.003737215453787024,9.5,3,-2.2642443475717755e-12,0
servo_aware,CAP,0.5,0.1,0.15,inward,12,arrived,0.0032667456452133425,9.5,3,-4.694855615383631e-12,0
servo_aware,CAP,0.5,0.1,0.15,inward,13,arrived,0.001233448582181662,10.0,3,-8.408962415273891e-11,0
servo_aware,CAP,0.5,0.1,0.15,inward,14,arrived,0.0013311984003678834,10.0,3,-7.031458748585351e-11,0
servo_aware,CAP,0.5,0.1,0.15,inward,15,arrived,0.0017480215818939104,10.0,3,-3.7235770022903125e-11,0
servo_aware,CAP,0.5,0.1,0.15,inward,16,arrived,0.002151492702748614,9.5,3,-2.1973478592229867e-11,0
servo_aware,CAP,0.5,0.1,0.15,inward,17,arrived,0.0012902621263380931,10.0,3,-7.543393687470257e-11,0
servo_aware,CAP,0.5,0.1,0.15,inward,18,arrived,0.002724714379716997,9.5,3,-1.004762939516013e-11,0
servo_aware,CAP,0.5,0.1,0.15,inward,19,arrived,0.0026503956519885463,9.5,3,-1.0606904243815052e-11,0
servo_aware,CAP,0.5,0.1,0.45,bias,0,arrived,0.07854164700657118,11.5,9,-1.586702991218658e-12,0
servo_aware,CAP,0.5,0.1,0.45,bias,1,arrived,0.10942172221934654,6.5,1,0.002807456128171225,0
servo_aware,CAP,0.5,0.1,0.45,bias,2,arrived,0.08112461248614755,11.0,7,-2.2095819618428436e-10,0
servo_aware,CAP,0.5,0.1,0.45,bias,3,arrived,0.06170257811662483,10.0,7,-1.7937040741600185e-15,0
servo_aware,CAP,0.5,0.1,0.45,bias,4,arrived,0.16857192846938196,9.5,5,-2.171082758017917e-12,0
servo_aware,CAP,0.5,0.1,0.45,bias,5,arrived,0.19653522409540125,7.5,3,-1.6569939864652383e-11,0
servo_aware,CAP,0.5,0.1,0.45,bias,6,arrived,0.1004935059451294,11.0,7,-5.214967346844901e-12,0
servo_aware,CAP,0.5,0.1,0.45,bias,7,arrived,0.15156958817713784,7.0,2,-5.023759186428833e-15,0
servo_aware,CAP,0.5,0.1,0.45,bias,8,arrived,0.07904891368760891,6.5,1,0.010233171290833386,0
servo_aware,CAP,0.5,0.1,0.45,bias,9,arrived,0.08587985076408522,12.0,9,-2.6229018956769323e-14,0
servo_aware,CAP,0.5,0.1,0.45,bias,10,arrived,0.04582969221270616,11.0,8,-2.4945323584546486e-14,0
servo_aware,CAP,0.5,0.1,0.45,bias,11,arrived,0.1664740418964007,9.5,5,-1.3893886041671522e-12,0
servo_aware,CAP,0.5,0.1,0.45,bias,12,arrived,0.12320573808816981,6.5,2,1.76649086990055e-08,0
servo_aware,CAP,0.5,0.1,0.45,bias,13,arrived,0.1754932934550174,7.0,2,-1.1084189122101407e-13,0
servo_aware,CAP,0.5,0.1,0.45,bias,14,arrived,0.10705550753098325,11.5,7,-2.0928259125696513e-12,0
servo_aware,CAP,0.5,0.1,0.45,bias,15,arrived,0.19424175617344375,7.5,3,-1.91709703667442e-11,0
servo_aware,CAP,0.5,0.1,0.45,bias,16,arrived,0.16066369252192103,11.0,7,-2.9224400677207996e-12,0
servo_aware,CAP,0.5,0.1,0.45,bias,17,arrived,0.020079647904166387,8.0,2,2.6034025196047805e-14,0
servo_aware,CAP,0.5,0.1,0.45,bias,18,arrived,0.2570645720783964,8.0,3,-1.228497858996036e-11,0
servo_aware,CAP,0.5,0.1,0.45,bias,19,arrived,0.13510140956553385,6.5,2,1.5112910922709943e-14,0
servo_aware,CAP,0.5,0.1,0.45,inward,0,arrived,0.027476328725411947,8.0,2,-1.2814527217130944e-11,0
servo_aware,CAP,0.5,0.1,0.45,inward,1,arrived,0.028563815151753547,8.0,2,-5.4012350148013866e-14,0
servo_aware,CAP,0.5,0.1,0.45,inward,2,arrived,0.03608490202103409,8.0,1,0.005519268919882676,0
servo_aware,CAP,0.5,0.1,0.45,inward,3,arrived,0.04159721301012287,8.0,1,0.00727308975259544,0
servo_aware,CAP,0.5,0.1,0.45,inward,4,arrived,0.024851197684440218,8.5,2,-7.179715710847745e-10,0
servo_aware,CAP,0.5,0.1,0.45,inward,5,arrived,0.026028736808199393,8.5,2,-1.919996939214741e-10,0
servo_aware,CAP,0.5,0.1,0.45,inward,6,arrived,0.028334251448913994,8.0,2,-4.1616710078073993e-13,0
servo_aware,CAP,0.5,0.1,0.45,inward,7,arrived,0.02757911175000438,8.0,2,-9.769574038642759e-12,0
servo_aware,CAP,0.5,0.1,0.45,inward,8,arrived,0.03390989769538766,8.0,1,0.004850970368007957,0
servo_aware,CAP,0.5,0.1,0.45,inward,9,arrived,0.02547084334509131,8.5,2,-3.819207172739425e-10,0
servo_aware,CAP,0.5,0.1,0.45,inward,10,arrived,0.0247413479613251,8.5,2,-7.942221325052401e-10,0
servo_aware,CAP,0.5,0.1,0.45,inward,11,arrived,0.04029938368956054,8.0,1,0.006851352035468533,0
servo_aware,CAP,0.5,0.1,0.45,inward,12,arrived,0.03643732548980527,8.0,1,0.005628689424950845,0
servo_aware,CAP,0.5,0.1,0.45,inward,13,arrived,0.025517365129230973,8.5,2,-3.6176012185862305e-10,0
servo_aware,CAP,0.5,0.1,0.45,inward,14,arrived,0.025806300794098957,8.5,2,-2.5732388442278875e-10,0
servo_aware,CAP,0.5,0.1,0.45,inward,15,arrived,0.026994131593705006,8.5,2,-4.0121628241962526e-11,0
servo_aware,CAP,0.5,0.1,0.45,inward,16,arrived,0.02808407353274378,8.0,2,-1.4973022821607174e-12,0
servo_aware,CAP,0.5,0.1,0.45,inward,17,arrived,0.02568581315794305,8.5,2,-2.9629254605367805e-10,0
servo_aware,CAP,0.5,0.1,0.45,inward,18,arrived,0.03142449642806244,8.0,1,0.003063999931019745,0
servo_aware,CAP,0.5,0.1,0.45,inward,19,arrived,0.030685237599830106,8.0,1,0.002140180655541779,0
servo_aware,SRCBF,0.5,0.3,0.15,bias,0,arrived,0.12396659918537456,10.5,2,-2.111088803768979e-10,0
servo_aware,SRCBF,0.5,0.3,0.15,bias,1,arrived,0.022888554834549324,8.0,1,0.0007752761496578168,0
servo_aware,SRCBF,0.5,0.3,0.15,bias,2,arrived,0.12590545610908743,11.0,2,-1.0692297047754096e-10,0
servo_aware,SRCBF,0.5,0.3,0.15,bias,3,arrived,0.09289003675423801,10.5,3,-8.715250743307479e-15,0
servo_aware,SRCBF,0.5,0.3,0.15,bias,4,arrived,0.14265030815487512,11.5,2,-2.548636302002194e-10,0
servo_aware,SRCBF,0.5,0.3,0.15,bias,5,arrived,0.09267818417746099,8.0,2,-2.3037127760972e-15,0
servo_aware,SRCBF,0.5,0.3,0.15,bias,6,arrived,0.1314802351116583,11.5,3,-6.267011909422138e-11,0
servo_aware,SRCBF,0.5,0.3,0.15,bias,7,arrived,0.08245088321831484,8.0,1,0.02161131068391764,0
servo_aware,SRCBF,0.5,0.3,0.15,bias,8,arrived,0.005362981695783753,8.0,2,8.64584202842078e-11,0
servo_aware,SRCBF,0.5,0.3,0.15,bias,9,arrived,0.13897532087442555,10.5,2,-1.3518464125894525e-10,0
servo_aware,SRCBF,0.5,0.3,0.15,bias,10,arrived,0.08351554286683571,10.0,2,-3.788636071533347e-15,0
servo_aware,SRCBF,0.5,0.3,0.15,bias,11,arrived,0.14570343781806216,11.0,2,-1.1022294188478554e-11,0
servo_aware,SRCBF,0.5,0.3,0.15,bias,12,arrived,0.03651770639671459,8.0,1,0.009542630258864832,0
servo_aware,SRCBF,0.5,0.3,0.15,bias,13,arrived,0.120717653490238,8.0,1,0.026966971973029788,0
servo_aware,SRCBF,0.5,0.3,0.15,bias,14,arrived,0.13542494727817578,11.5,3,-6.088379800317512e-11,0
servo_aware,SRCBF,0.5,0.3,0.15,bias,15,arrived,0.08997182276313842,8.0,2,1.1275702593849246e-15,0
servo_aware,SRCBF,0.5,0.3,0.15,bias,16,arrived,0.1264072684358829,19.5,3,-6.938893903907228e-16,0
servo_aware,SRCBF,0.5,0.3,0.15,bias,17,arrived,0.05318045803756466,10.0,4,-1.9081958235744878e-16,0
servo_aware,SRCBF,0.5,0.3,0.15,bias,18,arrived,0.18695746582185024,9.0,2,-2.774901697311094e-10,0
servo_aware,SRCBF,0.5,0.3,0.15,bias,19,arrived,0.05485400039602395,8.0,1,0.015554553822016258,0
servo_aware,SRCBF,0.5,0.3,0.15,inward,0,arrived,6.580030840841466e-05,9.5,3,-6.602884905504425e-12,0
servo_aware,SRCBF,0.5,0.3,0.15,inward,1,arrived,9.345318885312093e-05,9.5,3,-2.443889535186372e-11,0
servo_aware,SRCBF,0.5,0.3,0.15,inward,2,arrived,0.00020687831560750602,9.5,2,-1.2544132399483487e-13,0
servo_aware,SRCBF,0.5,0.3,0.15,inward,3,arrived,0.000722680405457643,9.5,2,-8.80118894430737e-12,0
servo_aware,SRCBF,0.5,0.3,0.15,inward,4,arrived,2.6312525987615132e-05,10.0,3,-4.875333470266696e-11,0
servo_aware,SRCBF,0.5,0.3,0.15,inward,5,arrived,4.0192452553156066e-05,10.0,3,-2.4279245280922623e-11,0
servo_aware,SRCBF,0.5,0.3,0.15,inward,6,arrived,8.690094801777626e-05,9.5,3,-3.451771507512191e-11,0
servo_aware,SRCBF,0.5,0.3,0.15,inward,7,arrived,6.806678012694078e-05,9.5,3,-5.7076010584466985e-12,0
servo_aware,SRCBF,0.5,0.3,0.15,inward,8,arrived,0.00015294266864440687,9.5,3,-1.7537638008491285e-12,0
servo_aware,SRCBF,0.5,0.3,0.15,inward,9,arrived,3.296879244119033e-05,10.0,3,-3.4622249511784275e-11,0
servo_aware,SRCBF,0.5,0.3,0.15,inward,10,arrived,2.5265870999824358e-05,10.0,3,-5.1219584129569284e-11,0
servo_aware,SRCBF,0.5,0.3,0.15,inward,11,arrived,0.0005456804333148213,9.5,2,-1.1560664231469175e-10,0
servo_aware,SRCBF,0.5,0.3,0.15,inward,12,arrived,0.00022521175201750676,9.5,2,-1.7680301667155618e-14,0
servo_aware,SRCBF,0.5,0.3,0.15,inward,13,arrived,3.3523910205390806e-05,10.0,3,-3.3463287696378075e-11,0
servo_aware,SRCBF,0.5,0.3,0.15,inward,14,arrived,3.716029434241985e-05,10.0,3,-2.7880087127840625e-11,0
servo_aware,SRCBF,0.5,0.3,0.15,inward,15,arrived,5.6022768740171536e-05,10.0,3,-1.1153356016535554e-11,0
servo_aware,SRCBF,0.5,0.3,0.15,inward,16,arrived,8.021529219282009e-05,9.5,3,-2.9917734956086406e-12,0
servo_aware,SRCBF,0.5,0.3,0.15,inward,17,arrived,3.56036335882326e-05,10.0,3,-2.975231172541726e-11,0
servo_aware,SRCBF,0.5,0.3,0.15,inward,18,arrived,0.0001265904741980517,9.5,3,-5.128376889818043e-12,0
servo_aware,SRCBF,0.5,0.3,0.15,inward,19,arrived,0.0001196988913821917,9.5,3,-6.930171714270017e-12,0
servo_aware,SRCBF,0.5,0.3,0.45,bias,0,arrived,0.05834079215894028,10.0,3,-4.5087503175444965e-10,0
servo_aware,SRCBF,0.5,0.3,0.45,bias,1,arrived,0.09225933025734778,7.0,2,-1.1706885461038041e-12,0
servo_aware,SRCBF,0.5,0.3,0.45,bias,2,arrived,0.0780332647106955,10.0,2,-1.8371371091063793e-10,0
servo_aware,SRCBF,0.5,0.3,0.45,bias,3,arrived,0.06237191642612572,9.0,2,-2.4398338904774164e-10,0
servo_aware,SRCBF,0.5,0.3,0.45,bias,4,arrived,0.20361502579941382,9.0,2,-1.8177570559885226e-11,0
servo_aware,SRCBF,0.5,0.3,0.45,bias,5,arrived,0.201738061094344,7.5,2,-8.329781309157624e-12,0
servo_aware,SRCBF,0.5,0.3,0.45,bias,6,arrived,0.0978217031723555,10.0,2,-2.058496706425217e-10,0
servo_aware,SRCBF,0.5,0.3,0.45,bias,7,arrived,0.13367441413211578,7.0,2,-5.073684528067446e-11,0
servo_aware,SRCBF,0.5,0.3,0.45,bias,8,arrived,0.12327867648727842,7.0,1,0.04769317435860434,0
servo_aware,SRCBF,0.5,0.3,0.45,bias,9,arrived,0.06511934763852045,10.5,3,-5.829873528373497e-10,0
servo_aware,SRCBF,0.5,0.3,0.45,bias,10,arrived,0.0554459526733756,10.5,3,-5.495603971894525e-15,0
servo_aware,SRCBF,0.5,0.3,0.45,bias,11,arrived,0.15690568523130588,8.5,2,-6.481065684127429e-13,0
servo_aware,SRCBF,0.5,0.3,0.45,bias,12,arrived,0.10266411023275657,7.0,2,-1.1410854205973209e-10,0
servo_aware,SRCBF,0.5,0.3,0.45,bias,13,arrived,0.16228545626030055,7.5,2,-2.3551174899161254e-11,0
servo_aware,SRCBF,0.5,0.3,0.45,bias,14,arrived,0.10463272361886766,10.5,2,-1.6295079174888372e-10,0
servo_aware,SRCBF,0.5,0.3,0.45,bias,15,arrived,0.19921724891270876,7.5,2,-8.74528227612359e-12,0
servo_aware,SRCBF,0.5,0.3,0.45,bias,16,arrived,0.15204253400246304,9.5,2,-2.4980018054066022e-15,0
servo_aware,SRCBF,0.5,0.3,0.45,bias,17,arrived,0.017449007506552316,8.5,3,-3.160519936040718e-11,0
servo_aware,SRCBF,0.5,0.3,0.45,bias,18,arrived,0.21267723648977865,7.5,2,-8.041220467269738e-11,0
servo_aware,SRCBF,0.5,0.3,0.45,bias,19,arrived,0.11517749988285053,7.0,2,-8.364302306329563e-11,0
servo_aware,SRCBF,0.5,0.3,0.45,inward,0,arrived,0.053686364788131824,8.0,1,0.021795116633561477,0
servo_aware,SRCBF,0.5,0.3,0.45,inward,1,arrived,0.0570613968550272,8.0,1,0.023027470405298213,0
servo_aware,SRCBF,0.5,0.3,0.45,inward,2,arrived,0.06373007319008195,8.0,1,0.025353706629334963,0
servo_aware,SRCBF,0.5,0.3,0.45,inward,3,arrived,0.06833848664415654,8.0,1,0.026869704705199546,0
servo_aware,SRCBF,0.5,0.3,0.45,inward,4,arrived,0.045361844083654734,8.0,1,0.0186106140683075,0
servo_aware,SRCBF,0.5,0.3,0.45,inward,5,arrived,0.04912508685008521,8.0,1,0.020074910730980597,0
servo_aware,SRCBF,0.5,0.3,0.45,inward,6,arrived,0.05635280808419396,8.0,1,0.02277168964122064,0
servo_aware,SRCBF,0.5,0.3,0.45,inward,7,arrived,0.05400731078869303,8.0,1,0.0219138207181224,0
servo_aware,SRCBF,0.5,0.3,0.45,inward,8,arrived,0.06199996166569166,8.0,1,0.02476469010031694,0
servo_aware,SRCBF,0.5,0.3,0.45,inward,9,arrived,0.04734773571112727,8.0,1,0.019388287328616118,0
servo_aware,SRCBF,0.5,0.3,0.45,inward,10,arrived,0.04500854171457003,8.0,1,0.01847111816666042,0
servo_aware,SRCBF,0.5,0.3,0.45,inward,11,arrived,0.06722149942071787,8.0,1,0.02650955512408919,0
servo_aware,SRCBF,0.5,0.3,0.45,inward,12,arrived,0.06401472749408288,8.0,1,0.02544960502556916,0
servo_aware,SRCBF,0.5,0.3,0.45,inward,13,arrived,0.047496338577247776,8.0,1,0.01944603759863749,0
servo_aware,SRCBF,0.5,0.3,0.45,inward,14,arrived,0.04841768639606203,8.0,1,0.01980270290170326,0
servo_aware,SRCBF,0.5,0.3,0.45,inward,15,arrived,0.05217539783667846,8.0,1,0.021232095203383677,0
servo_aware,SRCBF,0.5,0.3,0.45,inward,16,arrived,0.05557820599413932,8.0,1,0.022490268273210788,0
servo_aware,SRCBF,0.5,0.3,0.45,inward,17,arrived,0.048033814479219616,8.0,1,0.01965439298073538,0
servo_aware,SRCBF,0.5,0.3,0.45,inward,18,arrived,0.060074973074079274,8.0,1,0.024097189188621523,0
servo_aware,SRCBF,0.5,0.3,0.45,inward,19,arrived,0.05951226415495481,8.0,1,0.023899708419599465,0
servo_aware,CAP,0.5,0.3,0.15,bias,0,arrived,0.12395838700677908,11.0,7,-1.7719964384710352e-11,0
servo_aware,CAP,0.5,0.3,0.15,bias,1,arrived,0.041060614230209236,9.0,3,0.01118749043465666,0
servo_aware,CAP,0.5,0.3,0.15,bias,2,arrived,0.13303606924480893,11.5,7,-1.4498763301062922e-11,0
servo_aware,CAP,0.5,0.3,0.15,bias,3,arrived,0.1027193073302719,10.5,3,5.113964807179627e-15,0
servo_aware,CAP,0.5,0.3,0.15,bias,4,arrived,0.15644445012603703,13.5,9,-2.548636302002194e-10,0
servo_aware,CAP,0.5,0.3,0.15,bias,5,arrived,0.16665607609658373,9.5,4,4.7509160772118975e-09,0
servo_aware,CAP,0.5,0.3,0.15,bias,6,arrived,0.13783960161879294,12.5,8,-6.123030693583331e-10,0
servo_aware,CAP,0.5,0.3,0.15,bias,7,arrived,0.06469803153767595,8.0,2,6.47051856539349e-16,0
servo_aware,CAP,0.5,0.3,0.15,bias,8,arrived,0.005362981780410392,8.0,2,8.798611145222068e-11,0
servo_aware,CAP,0.5,0.3,0.15,bias,9,arrived,0.13895955025464057,11.0,7,-7.914391364494122e-12,0
servo_aware,CAP,0.5,0.3,0.15,bias,10,arrived,0.12215077824639764,10.5,4,-1.0129674876679928e-12,0
servo_aware,CAP,0.5,0.3,0.15,bias,11,arrived,0.15572899653679373,12.5,9,-1.1022294188478554e-11,0
servo_aware,CAP,0.5,0.3,0.15,bias,12,arrived,0.03012542233051807,9.0,3,0.0021097528973582423,0
servo_aware,CAP,0.5,0.3,0.15,bias,13,arrived,0.11369345747509652,9.0,3,0.017841924763891903,0
servo_aware,CAP,0.5,0.3,0.15,bias,14,arrived,0.1431351111355974,12.5,9,-7.268146917649432e-10,0
servo_aware,CAP,0.5,0.3,0.15,bias,15,arrived,0.16234279906195026,9.0,3,0.00026746598691806955,0
servo_aware,CAP,0.5,0.3,0.15,bias,16,arrived,0.1453891316508058,20.0,18,-3.088156119712693e-11,0
servo_aware,CAP,0.5,0.3,0.15,bias,17,arrived,0.047311995104109106,9.5,2,-1.5474748088842305e-10,0
servo_aware,CAP,0.5,0.3,0.15,bias,18,arrived,0.186739644483916,8.5,3,-2.1802004646076512e-13,0
servo_aware,CAP,0.5,0.3,0.15,bias,19,arrived,0.04364517064070905,8.0,2,-4.583616455139383e-10,0
servo_aware,CAP,0.5,0.3,0.15,inward,0,arrived,6.580030974456808e-05,9.5,3,-6.602884905504425e-12,0
servo_aware,CAP,0.5,0.3,0.15,inward,1,arrived,9.345322236531395e-05,9.5,3,-2.6324623036977357e-11,0
servo_aware,CAP,0.5,0.3,0.15,inward,2,arrived,0.000206878314885528,9.5,2,-1.4126200209574336e-13,0
servo_aware,CAP,0.5,0.3,0.15,inward,3,arrived,0.0007226804168642964,9.5,2,-9.524610267153122e-12,0
servo_aware,CAP,0.5,0.3,0.15,inward,4,arrived,2.6312525752469895e-05,10.0,4,-4.875333470266696e-11,0
servo_aware,CAP,0.5,0.3,0.15,inward,5,arrived,4.019245232145252e-05,11.0,5,-2.4279245280922623e-11,0
servo_aware,CAP,0.5,0.3,0.15,inward,6,arrived,8.690098794994494e-05,9.5,3,-3.719956981340644e-11,0
servo_aware,CAP,0.5,0.3,0.15,inward,7,arrived,6.806678072301953e-05,9.5,3,-5.7076010584466985e-12,0
servo_aware,CAP,0.5,0.3,0.15,inward,8,arrived,0.00015294267556564822,9.5,3,-1.9550194796380538e-12,0
servo_aware,CAP,0.5,0.3,0.15,inward,9,arrived,3.296879340508596e-05,10.5,5,-3.4622249511784275e-11,0
servo_aware,CAP,0.5,0.3,0.15,inward,10,arrived,2.5265871671509288e-05,10.0,4,-5.1219584129569284e-11,0
servo_aware,CAP,0.5,0.3,0.15,inward,11,arrived,0.0005456802147996154,9.5,2,-1.2591901132896766e-10,0
servo_aware,CAP,0.5,0.3,0.15,inward,12,arrived,0.00022521175339029753,9.5,2,-6.531580831747874e-14,0
servo_aware,CAP,0.5,0.3,0.15,inward,13,arrived,3.352391025479573e-05,10.5,5,-3.3463287696378075e-11,0
servo_aware,CAP,0.5,0.3,0.15,inward,14,arrived,3.7160296526339565e-05,10.5,5,-2.7880087127840625e-11,0
servo_aware,CAP,0.5,0.3,0.15,inward,15,arrived,5.602277028782243e-05,9.5,3,-1.1153356016535554e-11,0
servo_aware,CAP,0.5,0.3,0.15,inward,16,arrived,8.021529319535148e-05,9.5,3,-2.9917734956086406e-12,0
servo_aware,CAP,0.5,0.3,0.15,inward,17,arrived,3.5603631547531656e-05,10.5,5,-2.975231172541726e-11,0
servo_aware,CAP,0.5,0.3,0.15,inward,18,arrived,0.00012659048583740784,9.5,3,-5.621274279388189e-12,0
servo_aware,CAP,0.5,0.3,0.15,inward,19,arrived,0.00011969890558027885,9.5,3,-7.580151784036815e-12,0
servo_aware,CAP,0.5,0.3,0.45,bias,0,arrived,0.05672334965690362,10.0,3,-7.389922007661198e-16,0
servo_aware,CAP,0.5,0.3,0.45,bias,1,arrived,0.12500594857725877,7.0,1,0.005304310111274149,0
servo_aware,CAP,0.5,0.3,0.45,bias,2,arrived,0.09597201617495399,11.0,5,-3.885780586188048e-16,0
servo_aware,CAP,0.5,0.3,0.45,bias,3,arrived,0.07603309133156422,10.5,4,-2.017830347256222e-14,0
servo_aware,CAP,0.5,0.3,0.45,bias,4,arrived,0.16413432730361144,9.0,4,-1.8177570559885226e-11,0
servo_aware,CAP,0.5,0.3,0.45,bias,5,arrived,0.20119176436305586,7.5,2,-3.6897546129566194e-10,0
servo_aware,CAP,0.5,0.3,0.45,bias,6,arrived,0.11757885588142636,12.5,7,-3.9671896323589806e-10,0
servo_aware,CAP,0.5,0.3,0.45,bias,7,arrived,0.16651256038321882,7.0,2,-1.4675760606763788e-14,0
servo_aware,CAP,0.5,0.3,0.45,bias,8,arrived,0.09738963647653531,7.0,1,0.009058194739805252,0
servo_aware,CAP,0.5,0.3,0.45,bias,9,arrived,0.06497407206989658,10.5,3,-5.828670879282072e-15,0
servo_aware,CAP,0.5,0.3,0.45,bias,10,arrived,0.03260347452344792,9.5,3,-8.303479431814864e-13,0
servo_aware,CAP,0.5,0.3,0.45,bias,11,arrived,0.16248724199503362,9.0,3,-2.4333521309038986e-12,0
servo_aware,CAP,0.5,0.3,0.45,bias,12,arrived,0.13548099813419945,7.0,1,0.0008721439202388909,0
servo_aware,CAP,0.5,0.3,0.45,bias,13,arrived,0.16132094947235842,7.5,2,-8.759659664292485e-14,0
servo_aware,CAP,0.5,0.3,0.45,bias,14,arrived,0.11413381851372806,11.5,6,-1.6295079174888372e-10,0
servo_aware,CAP,0.5,0.3,0.45,bias,15,arrived,0.19863143059543742,7.5,2,-4.3436859664680583e-10,0
servo_aware,CAP,0.5,0.3,0.45,bias,16,arrived,0.14150581893738512,11.0,6,-3.003639004184322e-13,0
servo_aware,CAP,0.5,0.3,0.45,bias,17,arrived,0.022304708735646495,8.5,2,-3.3355985074728922e-12,0
servo_aware,CAP,0.5,0.3,0.45,bias,18,arrived,0.26589640551154536,8.0,3,-1.6917023337725823e-14,0
servo_aware,CAP,0.5,0.3,0.45,bias,19,arrived,0.14868071201667754,7.0,2,-1.0408340855860843e-16,0
servo_aware,CAP,0.5,0.3,0.45,inward,0,arrived,0.03609027877896043,8.0,1,0.0002338237321717622,0
servo_aware,CAP,0.5,0.3,0.45,inward,1,arrived,0.038231576784630406,8.0,1,6.3359364342987015e-06,0
servo_aware,CAP,0.5,0.3,0.45,inward,2,arrived,0.04263110446232388,8.0,2,-4.6080684407145966e-11,0
servo_aware,CAP,0.5,0.3,0.45,inward,3,arrived,0.04568941385905789,8.0,2,-2.0391499773453337e-10,0
servo_aware,CAP,0.5,0.3,0.45,inward,4,arrived,0.030631512103345915,8.0,1,0.0004502632280560287,0
servo_aware,CAP,0.5,0.3,0.45,inward,5,arrived,0.03312987642806475,8.0,1,0.0004107530741382969,0
servo_aware,CAP,0.5,0.3,0.45,inward,6,arrived,0.03778555080336321,8.0,1,6.117564823909577e-05,0
servo_aware,CAP,0.5,0.3,0.45,inward,7,arrived,0.036295727874306905,8.0,1,0.0002158163974703732,0
servo_aware,CAP,0.5,0.3,0.45,inward,8,arrived,0.04148735434931161,8.0,2,-2.2727122267474087e-11,0
servo_aware,CAP,0.5,0.3,0.45,inward,9,arrived,0.03195613051350488,8.0,1,0.0004410470261737775,0
servo_aware,CAP,0.5,0.3,0.45,inward,10,arrived,0.03039441118201358,8.0,1,0.0004492295533592024,0
servo_aware,CAP,0.5,0.3,0.45,inward,11,arrived,0.044946201411381725,8.0,2,-1.4642665812497624e-10,0
servo_aware,CAP,0.5,0.3,0.45,inward,12,arrived,0.04281947103968353,8.0,2,-5.452500950742234e-11,0
servo_aware,CAP,0.5,0.3,0.45,inward,13,arrived,0.032054694286920316,8.0,1,0.0004393197985401438,0
servo_aware,CAP,0.5,0.3,0.45,inward,14,arrived,0.03266405635053793,8.0,1,0.0004253405612761629,0
servo_aware,CAP,0.5,0.3,0.45,inward,15,arrived,0.03511797313816323,8.0,1,0.0003086272002488194,0
servo_aware,CAP,0.5,0.3,0.45,inward,16,arrived,0.037295807727837915,8.0,1,0.00011677518972920192,0
servo_aware,CAP,0.5,0.3,0.45,inward,17,arrived,0.03241053539378269,8.0,1,0.00043185155006402387,0
servo_aware,CAP,0.5,0.3,0.45,inward,18,arrived,0.04021655681492853,8.0,2,-6.164698092281373e-12,0
servo_aware,CAP,0.5,0.3,0.45,inward,19,arrived,0.03984532818454778,8.0,2,-4.888640707523262e-12,0
