experiment,method,dt,gap,seed,status,min_clearance,time
two_obstacles,SRCBF,0.5,1.7,0,timeout,0.00641655237869676,30.0
two_obstacles,CAP,0.5,1.7,0,timeout,0.0026467720943957884,30.0
two_obstacles,SRCBF,0.5,1.7,1,timeout,0.04041807903016115,30.0
two_obstacles,CAP,0.5,1.7,1,timeout,0.03493694195157515,30.0
two_obstacles,SRCBF,0.5,1.7,2,timeout,0.013796349964068422,30.0
two_obstacles,CAP,0.5,1.7,2,timeout,0.007120849859101441,30.0
two_obstacles,SRCBF,0.5,1.7,3,timeout,0.001304245619678901,30.0
two_obstacles,CAP,0.5,1.7,3,timeout,0.00017045722818886944,30.0
two_obstacles,SRCBF,0.5,1.7,4,timeout,0.09828759855940816,30.0
two_obstacles,CAP,0.5,1.7,4,timeout,0.06981792348726745,30.0
two_obstacles,SRCBF,0.5,1.7,5,timeout,0.0005792370538194591,30.0
two_obstacles,CAP,0.5,1.7,5,timeout,0.0014647537276016864,30.0
two_obstacles,SRCBF,0.5,1.7,6,timeout,0.029853501151898443,30.0
two_obstacles,CAP,0.5,1.7,6,timeout,0.0179158958724287,30.0
two_obstacles,SRCBF,0.5,1.7,7,timeout,0.019373943504790825,30.0
two_obstacles,CAP,0.5,1.7,7,timeout,0.018311489372724976,30.0
two_obstacles,SRCBF,0.5,1.7,8,timeout,0.05735819355949856,30.0
two_obstacles,CAP,0.5,1.7,8,timeout,0.048349202785307965,30.0
two_obstacles,SRCBF,0.5,1.7,9,timeout,0.01048720309078599,30.0
two_obstacles,CAP,0.5,1.7,9,timeout,0.0050512325458750285,30.0
two_obstacles,SRCBF,0.5,1.7,10,timeout,9.585662377298299e-06,30.0
two_obstacles,CAP,0.5,1.7,10,timeout,0.00043013041035877553,30.0
two_obstacles,SRCBF,0.5,1.7,11,timeout,0.10306995075103709,30.0
two_obstacles,CAP,0.5,1.7,11,timeout,0.0736894371071205,30.0
two_obstacles,SRCBF,0.5,1.7,12,timeout,0.03878885096930251,30.0
two_obstacles,CAP,0.5,1.7,12,timeout,0.03360011162112653,30.0
two_obstacles,SRCBF,0.5,1.7,13,timeout,0.007481311179323935,30.0
two_obstacles,CAP,0.5,1.7,13,timeout,0.008451431736426374,30.0
two_obstacles,SRCBF,0.5,1.7,14,timeout,0.03737592902650022,30.0
two_obstacles,CAP,0.5,1.7,14,timeout,0.02324093995470744,30.0
two_obstacles,SRCBF,0.5,1.7,15,timeout,0.0011965814582469703,30.0
two_obstacles,CAP,0.5,1.7,15,timeout,0.002178821443978518,30.0
two_obstacles,SRCBF,0.5,1.7,16,timeout,0.07053378909566776,30.0
two_obstacles,CAP,0.5,1.7,16,timeout,0.04794619078752038,30.0
two_obstacles,SRCBF,0.5,1.7,17,timeout,0.004265166584708435,30.0
two_obstacles,CAP,0.5,1.7,17,timeout,0.005253564881407824,30.0
two_obstacles,SRCBF,0.5,1.7,18,timeout,0.00938965301973782,30.0
two_obstacles,CAP,0.5,1.7,18,timeout,0.0043844654831849406,30.0
two_obstacles,SRCBF,0.5,1.7,19,timeout,0.03002607844765459,30.0
two_obstacles,CAP,0.5,1.7,19,timeout,0.02666890132549482,30.0
two_obstacles,SRCBF,0.8,1.7,0,timeout,0.014089565917306146,30.0
two_obstacles,CAP,0.8,1.7,0,timeout,0.011173824599755466,30.0
two_obstacles,SRCBF,0.8,1.7,1,timeout,0.03929788026624659,30.0
two_obstacles,CAP,0.8,1.7,1,timeout,0.03665704765382971,30.0
two_obstacles,SRCBF,0.8,1.7,2,timeout,0.024590921270535304,30.0
two_obstacles,CAP,0.8,1.7,2,timeout,0.02042758640328146,30.0
two_obstacles,SRCBF,0.8,1.7,3,timeout,0.004833495660309106,30.0
two_obstacles,CAP,0.8,1.7,3,timeout,0.003409934738897724,30.0
two_obstacles,SRCBF,0.8,1.7,4,timeout,0.11406258870071107,30.0
two_obstacles,CAP,0.8,1.7,4,timeout,0.07780915168524871,30.0
two_obstacles,SRCBF,0.8,1.7,5,timeout,4.407762953739791e-06,30.0
two_obstacles,CAP,0.8,1.7,5,timeout,9.129458267731483e-05,30.0
two_obstacles,SRCBF,0.8,1.7,6,timeout,0.043532056436300426,30.0
two_obstacles,CAP,0.8,1.7,6,timeout,0.03628400281639055,30.0
two_obstacles,SRCBF,0.8,1.7,7,timeout,0.01853309544875925,30.0
two_obstacles,CAP,0.8,1.7,7,timeout,0.018399031934941634,30.0
two_obstacles,SRCBF,0.8,1.7,8,timeout,0.0564215893954767,30.0
two_obstacles,CAP,0.8,1.7,8,timeout,0.04751361677003807,30.0
two_obstacles,SRCBF,0.8,1.7,9,timeout,0.020147542883154346,30.0
two_obstacles,CAP,0.8,1.7,9,timeout,0.016469091783873457,30.0
two_obstacles,SRCBF,0.8,1.7,10,timeout,0.0005374662644768158,30.0
two_obstacles,CAP,0.8,1.7,10,timeout,0.00020231063117714942,30.0
two_obstacles,SRCBF,0.8,1.7,11,timeout,0.1186020558097779,30.0
two_obstacles,CAP,0.8,1.7,11,timeout,0.08039650002439647,30.0
two_obstacles,SRCBF,0.8,1.7,12,timeout,0.037679669508240865,30.0
two_obstacles,CAP,0.8,1.7,12,timeout,0.03543049628966033,30.0
two_obstacles,SRCBF,0.8,1.7,13,timeout,0.00592536525244991,30.0
two_obstacles,CAP,0.8,1.7,13,timeout,0.00610158066538069,30.0
two_obstacles,SRCBF,0.8,1.7,14,timeout,0.051917606374598524,30.0
two_obstacles,CAP,0.8,1.7,14,timeout,0.04204767588885927,30.0
two_obstacles,SRCBF,0.8,1.7,15,timeout,0.00021996921819400495,30.0
two_obstacles,CAP,0.8,1.7,15,timeout,0.0004642673515270479,30.0
two_obstacles,SRCBF,0.8,1.7,16,timeout,0.08679903812321155,30.0
two_obstacles,CAP,0.8,1.7,16,timeout,0.06221867747852661,30.0
two_obstacles,SRCBF,0.8,1.7,17,timeout,0.0026884638004109895,30.0
two_obstacles,CAP,0.8,1.7,17,timeout,0.003174830665314099,30.0
two_obstacles,SRCBF,0.8,1.7,18,timeout,0.018585775897870693,30.0
two_obstacles,CAP,0.8,1.7,18,timeout,0.015092092680662805,30.0
two_obstacles,SRCBF,0.8,1.7,19,timeout,0.029060545615750888,30.0
two_obstacles,CAP,0.8,1.7,19,timeout,0.028263055294307282,30.0
two_obstacles,SRCBF,0.5,2.4,0,arrived,0.16357363562862515,7.5
two_obstacles,CAP,0.5,2.4,0,arrived,0.12330648279943313,7.5
two_obstacles,SRCBF,0.5,2.4,1,arrived,0.3256327761537152,6.0
two_obstacles,CAP,0.5,2.4,1,arrived,0.3256327761537152,6.0
two_obstacles,SRCBF,0.5,2.4,2,arrived,0.17074906979972937,7.5
two_obstacles,CAP,0.5,2.4,2,arrived,0.15958062642272086,7.5
two_obstacles,SRCBF,0.5,2.4,3,arrived,0.17784726566145448,7.0
two_obstacles,CAP,0.5,2.4,3,arrived,0.16949785707009557,7.0
two_obstacles,SRCBF,0.5,2.4,4,arrived,0.3881247174887461,8.5
two_obstacles,CAP,0.5,2.4,4,arrived,0.3881247174887461,8.5
two_obstacles,SRCBF,0.5,2.4,5,arrived,0.1832930326583121,6.5
two_obstacles,CAP,0.5,2.4,5,arrived,0.1832930326583121,6.5
two_obstacles,SRCBF,0.5,2.4,6,arrived,0.17064277074826828,8.0
two_obstacles,CAP,0.5,2.4,6,arrived,0.16684963890495474,8.0
two_obstacles,SRCBF,0.5,2.4,7,arrived,0.2605926387456765,6.0
two_obstacles,CAP,0.5,2.4,7,arrived,0.2605926387456765,6.0
two_obstacles,SRCBF,0.5,2.4,8,arrived,0.3654588723346712,6.0
two_obstacles,CAP,0.5,2.4,8,arrived,0.3654588723346712,6.0
two_obstacles,SRCBF,0.5,2.4,9,arrived,0.15711900667541256,7.5
two_obstacles,CAP,0.5,2.4,9,arrived,0.10842809994474811,7.5
two_obstacles,SRCBF,0.5,2.4,10,arrived,0.15640374247367472,7.0
two_obstacles,CAP,0.5,2.4,10,arrived,0.12077450027589642,7.0
two_obstacles,SRCBF,0.5,2.4,11,arrived,0.37435226969855906,8.5
two_obstacles,CAP,0.5,2.4,11,arrived,0.37435226969855906,8.5
two_obstacles,SRCBF,0.5,2.4,12,arrived,0.2977158978050374,6.0
two_obstacles,CAP,0.5,2.4,12,arrived,0.2977158978050374,6.0
two_obstacles,SRCBF,0.5,2.4,13,arrived,0.23075840424982608,6.5
two_obstacles,CAP,0.5,2.4,13,arrived,0.23075840424982608,6.5
two_obstacles,SRCBF,0.5,2.4,14,arrived,0.16911066665159802,8.0
two_obstacles,CAP,0.5,2.4,14,arrived,0.16189101331038824,8.0
two_obstacles,SRCBF,0.5,2.4,15,arrived,0.18035261259894353,6.5
two_obstacles,CAP,0.5,2.4,15,arrived,0.18000701922673334,6.5
two_obstacles,SRCBF,0.5,2.4,16,arrived,0.27531819653442247,8.5
two_obstacles,CAP,0.5,2.4,16,arrived,0.27531819653442247,8.5
two_obstacles,SRCBF,0.5,2.4,17,arrived,0.16740080332931495,6.5
two_obstacles,CAP,0.5,2.4,17,arrived,0.15554121952791333,6.5
two_obstacles,SRCBF,0.5,2.4,18,arrived,0.16342508974492598,7.5
two_obstacles,CAP,0.5,2.4,18,arrived,0.12833010060166694,7.5
two_obstacles,SRCBF,0.5,2.4,19,arrived,0.28212048686193336,6.0
two_obstacles,CAP,0.5,2.4,19,arrived,0.28212048686193336,6.0
two_obstacles,SRCBF,0.8,2.4,0,arrived,0.23890581436402258,7.199999999999999
two_obstacles,CAP,0.8,2.4,0,arrived,0.21918817524386225,7.199999999999999
two_obstacles,SRCBF,0.8,2.4,1,arrived,0.3233006692551472,5.6
two_obstacles,CAP,0.8,2.4,1,arrived,0.3233006692551472,5.6
two_obstacles,SRCBF,0.8,2.4,2,arrived,0.2580690816552944,7.199999999999999
two_obstacles,CAP,0.8,2.4,2,arrived,0.23050312497936454,7.199999999999999
two_obstacles,SRCBF,0.8,2.4,3,arrived,0.2466392988052437,7.199999999999999
two_obstacles,CAP,0.8,2.4,3,arrived,0.2271453413949891,7.199999999999999
two_obstacles,SRCBF,0.8,2.4,4,arrived,0.38886389607209115,7.999999999999999
two_obstacles,CAP,0.8,2.4,4,arrived,0.38886389607209115,7.999999999999999
two_obstacles,SRCBF,0.8,2.4,5,arrived,0.24040684272748214,6.3999999999999995
two_obstacles,CAP,0.8,2.4,5,arrived,0.22558465740077116,6.3999999999999995
two_obstacles,SRCBF,0.8,2.4,6,arrived,0.25821386055310525,7.199999999999999
two_obstacles,CAP,0.8,2.4,6,arrived,0.22870713698796186,7.199999999999999
two_obstacles,SRCBF,0.8,2.4,7,arrived,0.26773317107490424,5.6
two_obstacles,CAP,0.8,2.4,7,arrived,0.256004699570894,5.6
two_obstacles,SRCBF,0.8,2.4,8,arrived,0.3648174669207034,5.6
two_obstacles,CAP,0.8,2.4,8,arrived,0.3648174669207034,5.6
two_obstacles,SRCBF,0.8,2.4,9,arrived,0.239838525571054,7.199999999999999
two_obstacles,CAP,0.8,2.4,9,arrived,0.21917417242756998,7.199999999999999
two_obstacles,SRCBF,0.8,2.4,10,arrived,0.2074296726719782,6.3999999999999995
two_obstacles,CAP,0.8,2.4,10,arrived,0.1966634616826245,6.3999999999999995
two_obstacles,SRCBF,0.8,2.4,11,arrived,0.37447989842691953,7.999999999999999
two_obstacles,CAP,0.8,2.4,11,arrived,0.37447989842691953,7.999999999999999
two_obstacles,SRCBF,0.8,2.4,12,arrived,0.29516875275426346,5.6
two_obstacles,CAP,0.8,2.4,12,arrived,0.29516875275426346,5.6
two_obstacles,SRCBF,0.8,2.4,13,arrived,0.2552547411069006,6.3999999999999995
two_obstacles,CAP,0.8,2.4,13,arrived,0.24157696594162115,6.3999999999999995
two_obstacles,SRCBF,0.8,2.4,14,arrived,0.25716383216471295,7.199999999999999
two_obstacles,CAP,0.8,2.4,14,arrived,0.22802150074653915,7.199999999999999
two_obstacles,SRCBF,0.8,2.4,15,arrived,0.23630771513846538,6.3999999999999995
two_obstacles,CAP,0.8,2.4,15,arrived,0.2226812834183416,6.3999999999999995
two_obstacles,SRCBF,0.8,2.4,16,arrived,0.29833636289024645,7.999999999999999
two_obstacles,CAP,0.8,2.4,16,arrived,0.27153704337882756,7.999999999999999
two_obstacles,SRCBF,0.8,2.4,17,arrived,0.21391723003622154,6.3999999999999995
two_obstacles,CAP,0.8,2.4,17,arrived,0.20449326086927622,6.3999999999999995
two_obstacles,SRCBF,0.8,2.4,18,arrived,0.24494474060681726,7.199999999999999
two_obstacles,CAP,0.8,2.4,18,arrived,0.2229016380293387,7.199999999999999
two_obstacles,SRCBF,0.8,2.4,19,arrived,0.2800548627136039,5.6
two_obstacles,CAP,0.8,2.4,19,arrived,0.27867864762592376,5.6
