experiment,method,fallback,dt,design_horizon,jitter_bound,loss_probability,offset,regime,seed,status,min_clearance,time,missed,max_realized_interval
update_jitter_loss,SRCBF,hold_previous,0.5,0.6,0.1,0.1,0.15,bias,0,arrived,0.12353256764954257,10.614513110826902,2,0.5963659929779235
update_jitter_loss,SRCBF,hold_previous,0.5,0.6,0.1,0.1,0.15,bias,1,arrived,0.048780920257949334,7.165514255214897,1,0.5993035965427649
update_jitter_loss,SRCBF,hold_previous,0.5,0.6,0.1,0.1,0.15,bias,2,arrived,0.13067170304665499,10.879757114641322,2,0.5942287066858284
update_jitter_loss,SRCBF,hold_previous,0.5,0.6,0.1,0.1,0.15,bias,3,arrived,0.100166898050841,10.534187019833752,3,0.5687513780769096
update_jitter_loss,SRCBF,hold_previous,0.5,0.6,0.1,0.1,0.15,bias,4,arrived,0.179755998758246,10.64074716303886,4,0.5784545719573086
update_jitter_loss,SRCBF,hold_previous,0.5,0.6,0.1,0.1,0.15,bias,5,violation,-0.13290104920108925,2.5591830669612703,2,0.5717269298734071
update_jitter_loss,SRCBF,hold_previous,0.5,0.6,0.1,0.1,0.15,bias,6,arrived,0.1495428789025256,11.532498717217853,3,0.5963893996256332
update_jitter_loss,SRCBF,hold_previous,0.5,0.6,0.1,0.1,0.15,bias,7,arrived,0.06451554792514402,7.299344932895641,2,0.5681200144508946
update_jitter_loss,SRCBF,hold_previous,0.5,0.6,0.1,0.1,0.15,bias,8,arrived,0.04085705700900644,7.601923900773104,0,0.5927040552532694
update_jitter_loss,SRCBF,hold_previous,0.5,0.6,0.1,0.1,0.15,bias,9,violation,-0.0008259642661281319,3.474803574111455,2,0.575226156144581
update_jitter_loss,SRCBF,hold_previous,0.5,0.6,0.1,0.1,0.15,bias,10,arrived,0.1038384786956641,9.882880795200375,0,0.5829438567662885
update_jitter_loss,SRCBF,hold_previous,0.5,0.6,0.1,0.1,0.15,bias,11,arrived,0.17769517580012661,10.898665088694372,0,0.5592966578586067
update_jitter_loss,SRCBF,hold_previous,0.5,0.6,0.1,0.1,0.15,bias,12,arrived,0.07357982223439141,7.4995936604480535,1,0.5936689679462674
update_jitter_loss,SRCBF,hold_previous,0.5,0.6,0.1,0.1,0.15,bias,13,arrived,0.11063763036701313,8.130784605866083,2,0.5688205239976671
update_jitter_loss,SRCBF,hold_previous,0.5,0.6,0.1,0.1,0.15,bias,14,violation,-0.017888737780572872,2.4071833361213657,2,0.5807944348162902
update_jitter_loss,SRCBF,hold_previous,0.5,0.6,0.1,0.1,0.15,bias,15,violation,-0.07703083933218435,2.450716229099641,1,0.5676811447527392
update_jitter_loss,SRCBF,hold_previous,0.5,0.6,0.1,0.1,0.15,bias,16,arrived,0.14887242918119714,14.82411471861964,5,0.5999755200378518
update_jitter_loss,SRCBF,hold_previous,0.5,0.6,0.1,0.1,0.15,bias,17,arrived,0.06756063547624847,9.442412555591003,1,0.5943568920479507
update_jitter_loss,SRCBF,hold_previous,0.5,0.6,0.1,0.1,0.15,bias,18,arrived,0.18826107126471403,9.356399513035315,3,0.598781160596667
update_jitter_loss,SRCBF,hold_previous,0.5,0.6,0.1,0.1,0.15,bias,19,arrived,0.08301535005187333,7.27653860201135,2,0.5934755644470173
update_jitter_loss,SRCBF,hold_previous,0.5,0.6,0.1,0.1,0.15,inward,0,arrived,0.018860450755034175,9.73442179836498,2,0.5520107660225057
update_jitter_loss,SRCBF,hold_previous,0.5,0.6,0.1,0.1,0.15,inward,1,arrived,0.0188050026585177,10.024516209961407,1,0.5920023202862874
update_jitter_loss,SRCBF,hold_previous,0.5,0.6,0.1,0.1,0.15,inward,2,arrived,0.02200617650224146,9.672329397020977,1,0.592668383143593
update_jitter_loss,SRCBF,hold_previous,0.5,0.6,0.1,0.1,0.15,inward,3,arrived,0.026169757202951893,9.332483649656584,0,0.5996125224231483
update_jitter_loss,SRCBF,hold_previous,0.5,0.6,0.1,0.1,0.15,inward,4,arrived,0.016155775822899177,10.498480936223048,2,0.5898821132943004
update_jitter_loss,SRCBF,hold_previous,0.5,0.6,0.1,0.1,0.15,inward,5,violation,-0.20388904507123307,2.5771599291849956,1,0.595183451302103
update_jitter_loss,SRCBF,hold_previous,0.5,0.6,0.1,0.1,0.15,inward,6,violation,-0.07771937458179579,2.9614570324027536,1,0.5918184859251179
update_jitter_loss,SRCBF,hold_previous,0.5,0.6,0.1,0.1,0.15,inward,7,violation,-0.21478154022746343,2.975828469200788,3,0.5646605521510353
update_jitter_loss,SRCBF,hold_previous,0.5,0.6,0.1,0.1,0.15,inward,8,violation,-0.010586824837608644,2.924607866403637,1,0.5863604520833768
update_jitter_loss,SRCBF,hold_previous,0.5,0.6,0.1,0.1,0.15,inward,9,violation,-0.16139993324424573,2.1158885639073794,1,0.552127397355655
update_jitter_loss,SRCBF,hold_previous,0.5,0.6,0.1,0.1,0.15,inward,10,violation,-0.0172975379491499,3.4628503599827805,3,0.5905195478000922
update_jitter_loss,SRCBF,hold_previous,0.5,0.6,0.1,0.1,0.15,inward,11,arrived,0.02300367727170305,9.595743371689931,0,0.5937560069869491
update_jitter_loss,SRCBF,hold_previous,0.5,0.6,0.1,0.1,0.15,inward,12,violation,-0.23510282367478752,2.447694088519295,1,0.5702863699889921
update_jitter_loss,SRCBF,hold_previous,0.5,0.6,0.1,0.1,0.15,inward,13,violation,-0.18682282985941012,2.475423597054816,1,0.5539876809794059
update_jitter_loss,SRCBF,hold_previous,0.5,0.6,0.1,0.1,0.15,inward,14,arrived,0.016350382911860084,9.060860757935215,1,0.591311836449723
update_jitter_loss,SRCBF,hold_previous,0.5,0.6,0.1,0.1,0.15,inward,15,arrived,0.01837007565520765,8.563080167418475,1,0.5613197039660287
update_jitter_loss,SRCBF,hold_previous,0.5,0.6,0.1,0.1,0.15,inward,16,arrived,0.020172247877534133,9.689013690329306,3,0.5608030792465292
update_jitter_loss,SRCBF,hold_previous,0.5,0.6,0.1,0.1,0.15,inward,17,arrived,0.015068844623661204,9.201249820425051,3,0.5872829187234578
update_jitter_loss,SRCBF,hold_previous,0.5,0.6,0.1,0.1,0.15,inward,18,arrived,0.01909915499375836,9.594056615416315,1,0.5995099555766767
update_jitter_loss,SRCBF,hold_previous,0.5,0.6,0.1,0.1,0.15,inward,19,arrived,0.02026427160797284,9.470165644233383,3,0.5804821279475895
update_jitter_loss,SRCBF,hold_previous,0.5,0.6,0.1,0.1,0.45,bias,0,arrived,0.08036398966495117,8.933923359128814,1,0.5654400273037055
update_jitter_loss,SRCBF,hold_previous,0.5,0.6,0.1,0.1,0.45,bias,1,arrived,0.13209054041899626,7.0835988010536655,1,0.5533544133980686
update_jitter_loss,SRCBF,hold_previous,0.5,0.6,0.1,0.1,0.45,bias,2,arrived,0.030290639892116666,9.241434033618221,4,0.5998522282669654
update_jitter_loss,SRCBF,hold_previous,0.5,0.6,0.1,0.1,0.45,bias,3,arrived,0.06768294601063907,7.735122151653842,3,0.5918246869449199
update_jitter_loss,SRCBF,hold_previous,0.5,0.6,0.1,0.1,0.45,bias,4,arrived,0.19908279622436054,9.38157319274751,1,0.5983673998833083
update_jitter_loss,SRCBF,hold_previous,0.5,0.6,0.1,0.1,0.45,bias,5,arrived,0.2251021500996777,8.797188821600974,4,0.5903592365188765
update_jitter_loss,SRCBF,hold_previous,0.5,0.6,0.1,0.1,0.45,bias,6,arrived,0.11352383089005147,9.567830630153393,1,0.5954495672879383
update_jitter_loss,SRCBF,hold_previous,0.5,0.6,0.1,0.1,0.45,bias,7,arrived,0.15797871529404683,6.651841490539545,1,0.5869234102523126
update_jitter_loss,SRCBF,hold_previous,0.5,0.6,0.1,0.1,0.45,bias,8,violation,-0.02679696385893815,2.142060553243187,1,0.5982487636303293
update_jitter_loss,SRCBF,hold_previous,0.5,0.6,0.1,0.1,0.45,bias,9,arrived,0.08760189319666578,8.338426150871665,2,0.5938109125656125
update_jitter_loss,SRCBF,hold_previous,0.5,0.6,0.1,0.1,0.45,bias,10,arrived,0.02721258147597705,8.739727408995847,2,0.5794334777312593
update_jitter_loss,SRCBF,hold_previous,0.5,0.6,0.1,0.1,0.45,bias,11,arrived,0.20324827516214006,9.262252336883172,1,0.5954113539908796
update_jitter_loss,SRCBF,hold_previous,0.5,0.6,0.1,0.1,0.45,bias,12,arrived,0.13237692153298397,6.637043776670116,1,0.5844797645595621
update_jitter_loss,SRCBF,hold_previous,0.5,0.6,0.1,0.1,0.45,bias,13,arrived,0.1970515788805588,6.811388806995044,0,0.5968080248309023
update_jitter_loss,SRCBF,hold_previous,0.5,0.6,0.1,0.1,0.45,bias,14,arrived,0.1255856652698234,9.037206600235026,1,0.5894771487878855
update_jitter_loss,SRCBF,hold_previous,0.5,0.6,0.1,0.1,0.45,bias,15,arrived,0.20485388699742257,6.5682458684749525,2,0.5987765829488803
update_jitter_loss,SRCBF,hold_previous,0.5,0.6,0.1,0.1,0.45,bias,16,arrived,0.15714560588030813,9.4801221098021,0,0.5678907597796427
update_jitter_loss,SRCBF,hold_previous,0.5,0.6,0.1,0.1,0.45,bias,17,violation,-0.01723903433801277,3.497415192182276,2,0.5880693939284642
update_jitter_loss,SRCBF,hold_previous,0.5,0.6,0.1,0.1,0.45,bias,18,arrived,0.16607532526663782,8.377557275910258,1,0.5897652624738419
update_jitter_loss,SRCBF,hold_previous,0.5,0.6,0.1,0.1,0.45,bias,19,violation,-0.005376931864010448,3.07759970058222,2,0.5908929332354182
update_jitter_loss,SRCBF,hold_previous,0.5,0.6,0.1,0.1,0.45,inward,0,arrived,0.07265080469626883,8.179350193437692,0,0.5580757110561538
update_jitter_loss,SRCBF,hold_previous,0.5,0.6,0.1,0.1,0.45,inward,1,arrived,0.07208306419927735,8.303732661024416,3,0.5743646714650219
update_jitter_loss,SRCBF,hold_previous,0.5,0.6,0.1,0.1,0.45,inward,2,arrived,0.07100041947153313,8.12493717673539,1,0.5896095157971377
update_jitter_loss,SRCBF,hold_previous,0.5,0.6,0.1,0.1,0.45,inward,3,arrived,0.07358230743534144,8.087391687247825,0,0.5950786564117014
update_jitter_loss,SRCBF,hold_previous,0.5,0.6,0.1,0.1,0.45,inward,4,arrived,0.05897323190346804,8.236935201431098,2,0.599279394822612
update_jitter_loss,SRCBF,hold_previous,0.5,0.6,0.1,0.1,0.45,inward,5,violation,-0.018665663174003755,2.756213569567118,1,0.5544744354752033
update_jitter_loss,SRCBF,hold_previous,0.5,0.6,0.1,0.1,0.45,inward,6,arrived,0.066747153669658,8.259491471022775,1,0.5804344413932903
update_jitter_loss,SRCBF,hold_previous,0.5,0.6,0.1,0.1,0.45,inward,7,arrived,0.06927834076675776,8.550333234558794,0,0.580722055304258
update_jitter_loss,SRCBF,hold_previous,0.5,0.6,0.1,0.1,0.45,inward,8,violation,-0.258363986348883,3.3197191657286877,3,0.5766711777156603
update_jitter_loss,SRCBF,hold_previous,0.5,0.6,0.1,0.1,0.45,inward,9,arrived,0.06681389330971688,7.310325738014028,2,0.5853250588857267
update_jitter_loss,SRCBF,hold_previous,0.5,0.6,0.1,0.1,0.45,inward,10,arrived,0.06225627936776512,6.804649114576316,1,0.5995049995592248
update_jitter_loss,SRCBF,hold_previous,0.5,0.6,0.1,0.1,0.45,inward,11,arrived,0.06604211479222277,8.474974539293154,1,0.5766455485093148
update_jitter_loss,SRCBF,hold_previous,0.5,0.6,0.1,0.1,0.45,inward,12,arrived,0.06560224508648027,8.49226988335488,0,0.5983418666915363
update_jitter_loss,SRCBF,hold_previous,0.5,0.6,0.1,0.1,0.45,inward,13,arrived,0.06432623688277594,9.024126707031238,1,0.5994147683679978
update_jitter_loss,SRCBF,hold_previous,0.5,0.6,0.1,0.1,0.45,inward,14,arrived,0.06599954622562365,8.348787906980105,1,0.5868446993786568
update_jitter_loss,SRCBF,hold_previous,0.5,0.6,0.1,0.1,0.45,inward,15,arrived,0.06431672960564538,8.556274722375457,0,0.5818050798703148
update_jitter_loss,SRCBF,hold_previous,0.5,0.6,0.1,0.1,0.45,inward,16,violation,-0.16045113758227458,2.406040528389726,1,0.5224161011873463
update_jitter_loss,SRCBF,hold_previous,0.5,0.6,0.1,0.1,0.45,inward,17,arrived,0.06264147890832039,8.415569157363699,0,0.5983488341324531
update_jitter_loss,SRCBF,hold_previous,0.5,0.6,0.1,0.1,0.45,inward,18,violation,-0.16726987192007425,2.2503118529413975,1,0.5976839725655526
update_jitter_loss,SRCBF,hold_previous,0.5,0.6,0.1,0.1,0.45,inward,19,arrived,0.07217863742967867,8.004662221849957,1,0.5743185087895493
update_jitter_loss,SRCBF,zero_command,0.5,0.6,0.1,0.1,0.15,bias,0,arrived,0.12353256764954257,11.70845861273584,2,0.5963659929779235
update_jitter_loss,SRCBF,zero_command,0.5,0.6,0.1,0.1,0.15,bias,1,arrived,0.05751427198766201,7.717706970669916,1,0.5993035965427649
update_jitter_loss,SRCBF,zero_command,0.5,0.6,0.1,0.1,0.15,bias,2,arrived,0.13067170304665499,12.399771050837408,2,0.5942287066858284
update_jitter_loss,SRCBF,zero_command,0.5,0.6,0.1,0.1,0.15,bias,3,arrived,0.10924175021811677,12.639211038886215,4,0.5687513780769096
update_jitter_loss,SRCBF,zero_command,0.5,0.6,0.1,0.1,0.15,bias,4,arrived,0.17924887765166608,15.145665783939648,6,0.5990311222984377
update_jitter_loss,SRCBF,zero_command,0.5,0.6,0.1,0.1,0.15,bias,5,arrived,0.16494289914508642,9.105480420131466,3,0.5905931301377447
update_jitter_loss,SRCBF,zero_command,0.5,0.6,0.1,0.1,0.15,bias,6,arrived,0.15450020151319466,14.656534990169325,5,0.5963893996256332
update_jitter_loss,SRCBF,zero_command,0.5,0.6,0.1,0.1,0.15,bias,7,arrived,0.1015793500546317,8.18356148933248,2,0.5681200144508946
update_jitter_loss,SRCBF,zero_command,0.5,0.6,0.1,0.1,0.15,bias,8,arrived,0.04085705700900644,7.601923900773104,0,0.5927040552532694
update_jitter_loss,SRCBF,zero_command,0.5,0.6,0.1,0.1,0.15,bias,9,arrived,0.15994563014811547,12.812140767503704,6,0.5958276660245969
update_jitter_loss,SRCBF,zero_command,0.5,0.6,0.1,0.1,0.15,bias,10,arrived,0.1038384786956641,9.882880795200375,0,0.5829438567662885
update_jitter_loss,SRCBF,zero_command,0.5,0.6,0.1,0.1,0.15,bias,11,arrived,0.17769517580012661,10.898665088694372,0,0.5592966578586067
update_jitter_loss,SRCBF,zero_command,0.5,0.6,0.1,0.1,0.15,bias,12,arrived,0.07357982223439141,7.91284845571011,1,0.5936689679462674
update_jitter_loss,SRCBF,zero_command,0.5,0.6,0.1,0.1,0.15,bias,13,arrived,0.11063763036701313,8.677256110613312,2,0.5688205239976671
update_jitter_loss,SRCBF,zero_command,0.5,0.6,0.1,0.1,0.15,bias,14,arrived,0.1658741703021751,12.737388500553383,3,0.598206236625383
update_jitter_loss,SRCBF,zero_command,0.5,0.6,0.1,0.1,0.15,bias,15,arrived,0.144023386304013,8.331268698859576,1,0.5920685276022897
update_jitter_loss,SRCBF,zero_command,0.5,0.6,0.1,0.1,0.15,bias,16,arrived,0.1645162744375116,20.519785739904947,5,0.5999755200378518
update_jitter_loss,SRCBF,zero_command,0.5,0.6,0.1,0.1,0.15,bias,17,arrived,0.06756063547624847,11.275701368757959,2,0.5943568920479507
update_jitter_loss,SRCBF,zero_command,0.5,0.6,0.1,0.1,0.15,bias,18,arrived,0.20033757093034565,10.325122791265166,3,0.598781160596667
update_jitter_loss,SRCBF,zero_command,0.5,0.6,0.1,0.1,0.15,bias,19,arrived,0.08301535005187333,9.056827610860562,3,0.5934755644470173
update_jitter_loss,SRCBF,zero_command,0.5,0.6,0.1,0.1,0.15,inward,0,arrived,0.018860450755034175,12.688266117226922,4,0.5880082420617365
update_jitter_loss,SRCBF,zero_command,0.5,0.6,0.1,0.1,0.15,inward,1,arrived,0.0188050026585177,10.024516209961407,1,0.5920023202862874
update_jitter_loss,SRCBF,zero_command,0.5,0.6,0.1,0.1,0.15,inward,2,arrived,0.021245332679543538,10.156089609681894,1,0.592668383143593
update_jitter_loss,SRCBF,zero_command,0.5,0.6,0.1,0.1,0.15,inward,3,arrived,0.026169757202951893,9.332483649656584,0,0.5996125224231483
update_jitter_loss,SRCBF,zero_command,0.5,0.6,0.1,0.1,0.15,inward,4,violation,-0.004488041248872476,5.04077394554318,1,0.5898821132943004
update_jitter_loss,SRCBF,zero_command,0.5,0.6,0.1,0.1,0.15,inward,5,violation,-0.0240841426537024,4.885310084435894,2,0.595183451302103
update_jitter_loss,SRCBF,zero_command,0.5,0.6,0.1,0.1,0.15,inward,6,violation,-0.017271784545336066,2.9614570324027536,1,0.5918184859251179
update_jitter_loss,SRCBF,zero_command,0.5,0.6,0.1,0.1,0.15,inward,7,arrived,0.01770063912212927,11.332981051846703,3,0.5817854896645702
update_jitter_loss,SRCBF,zero_command,0.5,0.6,0.1,0.1,0.15,inward,8,arrived,0.010299451758222777,10.96074100349506,2,0.5932247867028718
update_jitter_loss,SRCBF,zero_command,0.5,0.6,0.1,0.1,0.15,inward,9,arrived,0.016786782542307033,10.62456544353917,1,0.5858125130149894
update_jitter_loss,SRCBF,zero_command,0.5,0.6,0.1,0.1,0.15,inward,10,arrived,0.010860892614933837,12.477213113339824,5,0.5905195478000922
update_jitter_loss,SRCBF,zero_command,0.5,0.6,0.1,0.1,0.15,inward,11,arrived,0.02300367727170305,9.595743371689931,0,0.5937560069869491
update_jitter_loss,SRCBF,zero_command,0.5,0.6,0.1,0.1,0.15,inward,12,arrived,0.023446817287979038,9.962009355717235,1,0.5996181400829239
update_jitter_loss,SRCBF,zero_command,0.5,0.6,0.1,0.1,0.15,inward,13,arrived,0.014003961295628531,12.389413011659633,3,0.5997100538485933
update_jitter_loss,SRCBF,zero_command,0.5,0.6,0.1,0.1,0.15,inward,14,arrived,0.016350382911860084,11.605498343188103,2,0.591311836449723
update_jitter_loss,SRCBF,zero_command,0.5,0.6,0.1,0.1,0.15,inward,15,arrived,0.01837007565520765,10.167687843286314,1,0.5824492580826308
update_jitter_loss,SRCBF,zero_command,0.5,0.6,0.1,0.1,0.15,inward,16,arrived,0.020172247877534133,11.412831141136904,3,0.5972434233318419
update_jitter_loss,SRCBF,zero_command,0.5,0.6,0.1,0.1,0.15,inward,17,violation,-0.02676452841016841,4.484372239938691,1,0.5872829187234578
update_jitter_loss,SRCBF,zero_command,0.5,0.6,0.1,0.1,0.15,inward,18,violation,-0.031843528547092714,3.4452848619306526,1,0.5995099555766767
update_jitter_loss,SRCBF,zero_command,0.5,0.6,0.1,0.1,0.15,inward,19,arrived,0.02026427160797284,11.340394999300342,3,0.5804821279475895
update_jitter_loss,SRCBF,zero_command,0.5,0.6,0.1,0.1,0.45,bias,0,arrived,0.08036398966495117,10.01887761066463,1,0.5654400273037055
update_jitter_loss,SRCBF,zero_command,0.5,0.6,0.1,0.1,0.45,bias,1,arrived,0.13209054041899626,7.0835988010536655,1,0.5533544133980686
update_jitter_loss,SRCBF,zero_command,0.5,0.6,0.1,0.1,0.45,bias,2,arrived,0.09097325440513915,13.086779789541218,5,0.5998522282669654
update_jitter_loss,SRCBF,zero_command,0.5,0.6,0.1,0.1,0.45,bias,3,arrived,0.025024722048349823,9.86558894397982,3,0.5918246869449199
update_jitter_loss,SRCBF,zero_command,0.5,0.6,0.1,0.1,0.45,bias,4,arrived,0.19908279622436054,9.90127929689307,1,0.5983673998833083
update_jitter_loss,SRCBF,zero_command,0.5,0.6,0.1,0.1,0.45,bias,5,arrived,0.2251021500996777,9.2573639071172,4,0.5903592365188765
update_jitter_loss,SRCBF,zero_command,0.5,0.6,0.1,0.1,0.45,bias,6,arrived,0.1130570719815367,11.050775084071933,2,0.5954495672879383
update_jitter_loss,SRCBF,zero_command,0.5,0.6,0.1,0.1,0.45,bias,7,arrived,0.1655771182301189,7.249786575726593,1,0.5979450851870476
update_jitter_loss,SRCBF,zero_command,0.5,0.6,0.1,0.1,0.45,bias,8,arrived,0.11843914875563788,7.328110154320107,2,0.5982487636303293
update_jitter_loss,SRCBF,zero_command,0.5,0.6,0.1,0.1,0.45,bias,9,arrived,0.08537780079445101,10.914730999958497,2,0.5938109125656125
update_jitter_loss,SRCBF,zero_command,0.5,0.6,0.1,0.1,0.45,bias,10,arrived,0.05016130860806478,10.64445778825651,3,0.5794334777312593
update_jitter_loss,SRCBF,zero_command,0.5,0.6,0.1,0.1,0.45,bias,11,arrived,0.19250697619832569,9.7562656086385,1,0.5954113539908796
update_jitter_loss,SRCBF,zero_command,0.5,0.6,0.1,0.1,0.45,bias,12,arrived,0.14571786504034967,6.637043776670116,1,0.5844797645595621
update_jitter_loss,SRCBF,zero_command,0.5,0.6,0.1,0.1,0.45,bias,13,arrived,0.1970515788805588,6.811388806995044,0,0.5968080248309023
update_jitter_loss,SRCBF,zero_command,0.5,0.6,0.1,0.1,0.45,bias,14,arrived,0.1255856652698234,11.512246089510182,2,0.5894771487878855
update_jitter_loss,SRCBF,zero_command,0.5,0.6,0.1,0.1,0.45,bias,15,arrived,0.21175362685224663,8.034327158286345,2,0.5987765829488803
update_jitter_loss,SRCBF,zero_command,0.5,0.6,0.1,0.1,0.45,bias,16,arrived,0.15714560588030813,9.4801221098021,0,0.5678907597796427
update_jitter_loss,SRCBF,zero_command,0.5,0.6,0.1,0.1,0.45,bias,17,violation,-0.014575726080873985,4.60219759913744,3,0.5880693939284642
update_jitter_loss,SRCBF,zero_command,0.5,0.6,0.1,0.1,0.45,bias,18,arrived,0.26324864280813,8.377557275910258,1,0.5897652624738419
update_jitter_loss,SRCBF,zero_command,0.5,0.6,0.1,0.1,0.45,bias,19,arrived,0.16277307243662775,7.324757664460027,2,0.5908929332354182
update_jitter_loss,SRCBF,zero_command,0.5,0.6,0.1,0.1,0.45,inward,0,arrived,0.07265080469626883,8.179350193437692,0,0.5580757110561538
update_jitter_loss,SRCBF,zero_command,0.5,0.6,0.1,0.1,0.45,inward,1,arrived,0.07208306419927735,11.49652972149176,4,0.5885875756856446
update_jitter_loss,SRCBF,zero_command,0.5,0.6,0.1,0.1,0.45,inward,2,arrived,0.07100041947153313,9.222544837176953,1,0.5896095157971377
update_jitter_loss,SRCBF,zero_command,0.5,0.6,0.1,0.1,0.45,inward,3,arrived,0.07358230743534144,8.087391687247825,0,0.5950786564117014
update_jitter_loss,SRCBF,zero_command,0.5,0.6,0.1,0.1,0.45,inward,4,arrived,0.0574564459351653,9.63145465463729,2,0.599279394822612
update_jitter_loss,SRCBF,zero_command,0.5,0.6,0.1,0.1,0.45,inward,5,arrived,0.05309570382883433,9.433302608487963,2,0.5927907883264552
update_jitter_loss,SRCBF,zero_command,0.5,0.6,0.1,0.1,0.45,inward,6,arrived,0.066747153669658,11.213084098084932,3,0.5974044528542706
update_jitter_loss,SRCBF,zero_command,0.5,0.6,0.1,0.1,0.45,inward,7,arrived,0.06927834076675776,8.550333234558794,0,0.580722055304258
update_jitter_loss,SRCBF,zero_command,0.5,0.6,0.1,0.1,0.45,inward,8,arrived,0.07019964615600172,11.585523030918225,6,0.5786393816646677
update_jitter_loss,SRCBF,zero_command,0.5,0.6,0.1,0.1,0.45,inward,9,arrived,0.06681389330971688,10.76374667340392,3,0.5853250588857267
update_jitter_loss,SRCBF,zero_command,0.5,0.6,0.1,0.1,0.45,inward,10,arrived,0.06225627936776512,9.175186695295766,1,0.5995049995592248
update_jitter_loss,SRCBF,zero_command,0.5,0.6,0.1,0.1,0.45,inward,11,arrived,0.06836243090061234,8.474974539293154,1,0.5766455485093148
update_jitter_loss,SRCBF,zero_command,0.5,0.6,0.1,0.1,0.45,inward,12,arrived,0.06560224508648027,8.49226988335488,0,0.5983418666915363
update_jitter_loss,SRCBF,zero_command,0.5,0.6,0.1,0.1,0.45,inward,13,arrived,0.06432623688277594,9.024126707031238,1,0.5994147683679978
update_jitter_loss,SRCBF,zero_command,0.5,0.6,0.1,0.1,0.45,inward,14,arrived,0.005723308599463461,8.771059979752179,1,0.5868446993786568
update_jitter_loss,SRCBF,zero_command,0.5,0.6,0.1,0.1,0.45,inward,15,arrived,0.06431672960564538,8.556274722375457,0,0.5818050798703148
update_jitter_loss,SRCBF,zero_command,0.5,0.6,0.1,0.1,0.45,inward,16,arrived,0.0579863131088052,10.241665624223126,3,0.5896234511212414
update_jitter_loss,SRCBF,zero_command,0.5,0.6,0.1,0.1,0.45,inward,17,arrived,0.06264147890832039,8.415569157363699,0,0.5983488341324531
update_jitter_loss,SRCBF,zero_command,0.5,0.6,0.1,0.1,0.45,inward,18,arrived,0.06380028563716944,9.501765520023717,2,0.5976839725655526
update_jitter_loss,SRCBF,zero_command,0.5,0.6,0.1,0.1,0.45,inward,19,arrived,0.07217863742967867,8.848450797958812,1,0.5743185087895493
update_jitter_loss,SRCBF,outward_escape,0.5,0.6,0.1,0.1,0.15,bias,0,arrived,0.12353256764954257,11.70845861273584,2,0.5963659929779235
update_jitter_loss,SRCBF,outward_escape,0.5,0.6,0.1,0.1,0.15,bias,1,arrived,0.0701873781816198,8.295795000193738,1,0.5993035965427649
update_jitter_loss,SRCBF,outward_escape,0.5,0.6,0.1,0.1,0.15,bias,2,arrived,0.13067170304665499,12.399771050837408,2,0.5942287066858284
update_jitter_loss,SRCBF,outward_escape,0.5,0.6,0.1,0.1,0.15,bias,3,arrived,0.11357402354191592,13.649634690625003,4,0.5687513780769096
update_jitter_loss,SRCBF,outward_escape,0.5,0.6,0.1,0.1,0.15,bias,4,arrived,0.18124043197506468,13.268315222660728,5,0.5990311222984377
update_jitter_loss,SRCBF,outward_escape,0.5,0.6,0.1,0.1,0.15,bias,5,arrived,0.2146354950747531,10.179243542662014,3,0.5905931301377447
update_jitter_loss,SRCBF,outward_escape,0.5,0.6,0.1,0.1,0.15,bias,6,arrived,0.15830348932204386,14.656534990169325,5,0.5963893996256332
update_jitter_loss,SRCBF,outward_escape,0.5,0.6,0.1,0.1,0.15,bias,7,arrived,0.1372886578236433,8.678533825192043,2,0.5681200144508946
update_jitter_loss,SRCBF,outward_escape,0.5,0.6,0.1,0.1,0.15,bias,8,arrived,0.04085705700900644,7.601923900773104,0,0.5927040552532694
update_jitter_loss,SRCBF,outward_escape,0.5,0.6,0.1,0.1,0.15,bias,9,arrived,0.165638394834421,13.809865910329208,6,0.5958276660245969
update_jitter_loss,SRCBF,outward_escape,0.5,0.6,0.1,0.1,0.15,bias,10,arrived,0.1038384786956641,9.882880795200375,0,0.5829438567662885
update_jitter_loss,SRCBF,outward_escape,0.5,0.6,0.1,0.1,0.15,bias,11,arrived,0.17769517580012661,10.898665088694372,0,0.5592966578586067
update_jitter_loss,SRCBF,outward_escape,0.5,0.6,0.1,0.1,0.15,bias,12,arrived,0.07357982223439141,9.916244925580314,1,0.5936689679462674
update_jitter_loss,SRCBF,outward_escape,0.5,0.6,0.1,0.1,0.15,bias,13,arrived,0.11063763036701313,9.256262460357513,2,0.5790063497442018
update_jitter_loss,SRCBF,outward_escape,0.5,0.6,0.1,0.1,0.15,bias,14,arrived,0.1714448613500037,13.655117634039788,3,0.598206236625383
update_jitter_loss,SRCBF,outward_escape,0.5,0.6,0.1,0.1,0.15,bias,15,arrived,0.17823761619226608,8.331268698859576,1,0.5920685276022897
update_jitter_loss,SRCBF,outward_escape,0.5,0.6,0.1,0.1,0.15,bias,16,arrived,0.1499493053890364,22.81690812035664,6,0.5999755200378518
update_jitter_loss,SRCBF,outward_escape,0.5,0.6,0.1,0.1,0.15,bias,17,arrived,0.06756063547624847,12.376210240055507,2,0.5943568920479507
update_jitter_loss,SRCBF,outward_escape,0.5,0.6,0.1,0.1,0.15,bias,18,arrived,0.21791804044497898,11.497436351680161,3,0.5992398875086095
update_jitter_loss,SRCBF,outward_escape,0.5,0.6,0.1,0.1,0.15,bias,19,arrived,0.08301535005187333,9.979493381433633,3,0.5934755644470173
update_jitter_loss,SRCBF,outward_escape,0.5,0.6,0.1,0.1,0.15,inward,0,arrived,0.018860450755034175,10.299923994297393,2,0.5655021959324127
update_jitter_loss,SRCBF,outward_escape,0.5,0.6,0.1,0.1,0.15,inward,1,arrived,0.0188050026585177,10.024516209961407,1,0.5920023202862874
update_jitter_loss,SRCBF,outward_escape,0.5,0.6,0.1,0.1,0.15,inward,2,arrived,0.021037434134380306,10.156089609681894,1,0.592668383143593
update_jitter_loss,SRCBF,outward_escape,0.5,0.6,0.1,0.1,0.15,inward,3,arrived,0.026169757202951893,9.332483649656584,0,0.5996125224231483
update_jitter_loss,SRCBF,outward_escape,0.5,0.6,0.1,0.1,0.15,inward,4,arrived,0.016155775822899177,10.498480936223048,2,0.5898821132943004
update_jitter_loss,SRCBF,outward_escape,0.5,0.6,0.1,0.1,0.15,inward,5,arrived,0.02550684772759282,14.104301318418583,7,0.5993985543053876
update_jitter_loss,SRCBF,outward_escape,0.5,0.6,0.1,0.1,0.15,inward,6,arrived,0.03906070063069922,10.581052285942185,1,0.5918184859251179
update_jitter_loss,SRCBF,outward_escape,0.5,0.6,0.1,0.1,0.15,inward,7,arrived,0.024908024426305908,11.88803672630623,3,0.5817854896645702
update_jitter_loss,SRCBF,outward_escape,0.5,0.6,0.1,0.1,0.15,inward,8,arrived,0.04338041631983802,9.88510652062072,2,0.5932247867028718
update_jitter_loss,SRCBF,outward_escape,0.5,0.6,0.1,0.1,0.15,inward,9,arrived,0.02440515284848699,10.62456544353917,1,0.5858125130149894
update_jitter_loss,SRCBF,outward_escape,0.5,0.6,0.1,0.1,0.15,inward,10,arrived,0.02303398694959291,13.300872992004066,5,0.5905195478000922
update_jitter_loss,SRCBF,outward_escape,0.5,0.6,0.1,0.1,0.15,inward,11,arrived,0.02300367727170305,9.595743371689931,0,0.5937560069869491
update_jitter_loss,SRCBF,outward_escape,0.5,0.6,0.1,0.1,0.15,inward,12,arrived,0.03517205744889074,10.560259392069108,1,0.5996181400829239
update_jitter_loss,SRCBF,outward_escape,0.5,0.6,0.1,0.1,0.15,inward,13,arrived,0.021117477412330166,11.466126757768718,3,0.5997100538485933
update_jitter_loss,SRCBF,outward_escape,0.5,0.6,0.1,0.1,0.15,inward,14,arrived,0.016350382911860084,9.493939558844046,1,0.591311836449723
update_jitter_loss,SRCBF,outward_escape,0.5,0.6,0.1,0.1,0.15,inward,15,arrived,0.01837007565520765,8.563080167418475,1,0.5613197039660287
update_jitter_loss,SRCBF,outward_escape,0.5,0.6,0.1,0.1,0.15,inward,16,arrived,0.020172247877534133,10.883341221803759,3,0.5972434233318419
update_jitter_loss,SRCBF,outward_escape,0.5,0.6,0.1,0.1,0.15,inward,17,arrived,0.015068844623661204,11.14939160206712,3,0.5872829187234578
update_jitter_loss,SRCBF,outward_escape,0.5,0.6,0.1,0.1,0.15,inward,18,arrived,0.025122224933330384,10.556584241756601,1,0.5995099555766767
update_jitter_loss,SRCBF,outward_escape,0.5,0.6,0.1,0.1,0.15,inward,19,arrived,0.02026427160797284,9.891495148637564,3,0.5804821279475895
update_jitter_loss,SRCBF,outward_escape,0.5,0.6,0.1,0.1,0.45,bias,0,arrived,0.08036398966495117,10.01887761066463,1,0.5654400273037055
update_jitter_loss,SRCBF,outward_escape,0.5,0.6,0.1,0.1,0.45,bias,1,arrived,0.13209054041899626,8.212224021116654,1,0.5663118697793013
update_jitter_loss,SRCBF,outward_escape,0.5,0.6,0.1,0.1,0.45,bias,2,arrived,0.09264150222936662,14.588980880432365,6,0.5998522282669654
update_jitter_loss,SRCBF,outward_escape,0.5,0.6,0.1,0.1,0.45,bias,3,arrived,0.06768294601063907,9.337762235420744,3,0.5918246869449199
update_jitter_loss,SRCBF,outward_escape,0.5,0.6,0.1,0.1,0.45,bias,4,arrived,0.19908279622436054,9.90127929689307,1,0.5983673998833083
update_jitter_loss,SRCBF,outward_escape,0.5,0.6,0.1,0.1,0.45,bias,5,arrived,0.436008171453377,10.718067858601982,4,0.5903592365188765
update_jitter_loss,SRCBF,outward_escape,0.5,0.6,0.1,0.1,0.45,bias,6,arrived,0.11321256940606683,10.566264327913988,2,0.5954495672879383
update_jitter_loss,SRCBF,outward_escape,0.5,0.6,0.1,0.1,0.45,bias,7,arrived,0.18335051125437807,7.249786575726593,1,0.5979450851870476
update_jitter_loss,SRCBF,outward_escape,0.5,0.6,0.1,0.1,0.45,bias,8,arrived,0.15034351686194858,7.328110154320107,2,0.5982487636303293
update_jitter_loss,SRCBF,outward_escape,0.5,0.6,0.1,0.1,0.45,bias,9,arrived,0.08497674702190161,10.456464201553175,2,0.5938109125656125
update_jitter_loss,SRCBF,outward_escape,0.5,0.6,0.1,0.1,0.45,bias,10,arrived,0.056585021792077805,9.716821087962874,3,0.5794334777312593
update_jitter_loss,SRCBF,outward_escape,0.5,0.6,0.1,0.1,0.45,bias,11,arrived,0.20324827516214006,10.229794223226612,1,0.5954113539908796
update_jitter_loss,SRCBF,outward_escape,0.5,0.6,0.1,0.1,0.45,bias,12,arrived,0.15812934811480073,7.232415955973322,1,0.5953721793032063
update_jitter_loss,SRCBF,outward_escape,0.5,0.6,0.1,0.1,0.45,bias,13,arrived,0.1970515788805588,6.811388806995044,0,0.5968080248309023
update_jitter_loss,SRCBF,outward_escape,0.5,0.6,0.1,0.1,0.45,bias,14,arrived,0.1255856652698234,8.612868242304048,1,0.5894771487878855
update_jitter_loss,SRCBF,outward_escape,0.5,0.6,0.1,0.1,0.45,bias,15,arrived,0.223445968947948,8.60069050224474,2,0.5987765829488803
update_jitter_loss,SRCBF,outward_escape,0.5,0.6,0.1,0.1,0.45,bias,16,arrived,0.15714560588030813,9.4801221098021,0,0.5678907597796427
update_jitter_loss,SRCBF,outward_escape,0.5,0.6,0.1,0.1,0.45,bias,17,arrived,0.07488188052947164,11.388308521482982,5,0.5982200799005467
update_jitter_loss,SRCBF,outward_escape,0.5,0.6,0.1,0.1,0.45,bias,18,arrived,0.2784933654689876,8.795790985075664,1,0.5897652624738419
update_jitter_loss,SRCBF,outward_escape,0.5,0.6,0.1,0.1,0.45,bias,19,arrived,0.20933829624163036,7.875015475065123,2,0.5908929332354182
update_jitter_loss,SRCBF,outward_escape,0.5,0.6,0.1,0.1,0.45,inward,0,arrived,0.07265080469626883,8.179350193437692,0,0.5580757110561538
update_jitter_loss,SRCBF,outward_escape,0.5,0.6,0.1,0.1,0.45,inward,1,arrived,0.07208306419927735,8.742170496267878,3,0.5743646714650219
update_jitter_loss,SRCBF,outward_escape,0.5,0.6,0.1,0.1,0.45,inward,2,arrived,0.07100041947153313,8.651093508290261,1,0.5896095157971377
update_jitter_loss,SRCBF,outward_escape,0.5,0.6,0.1,0.1,0.45,inward,3,arrived,0.07358230743534144,8.087391687247825,0,0.5950786564117014
update_jitter_loss,SRCBF,outward_escape,0.5,0.6,0.1,0.1,0.45,inward,4,arrived,0.06894635921766268,9.63145465463729,2,0.599279394822612
update_jitter_loss,SRCBF,outward_escape,0.5,0.6,0.1,0.1,0.45,inward,5,arrived,0.10441594855097613,9.433302608487963,2,0.5927907883264552
update_jitter_loss,SRCBF,outward_escape,0.5,0.6,0.1,0.1,0.45,inward,6,arrived,0.066747153669658,8.259491471022775,1,0.5804344413932903
update_jitter_loss,SRCBF,outward_escape,0.5,0.6,0.1,0.1,0.45,inward,7,arrived,0.06927834076675776,8.550333234558794,0,0.580722055304258
update_jitter_loss,SRCBF,outward_escape,0.5,0.6,0.1,0.1,0.45,inward,8,arrived,0.0850722797189637,12.105137609120439,6,0.5786393816646677
update_jitter_loss,SRCBF,outward_escape,0.5,0.6,0.1,0.1,0.45,inward,9,arrived,0.06681389330971688,7.310325738014028,2,0.5853250588857267
update_jitter_loss,SRCBF,outward_escape,0.5,0.6,0.1,0.1,0.45,inward,10,arrived,0.06225627936776512,7.25350282955131,1,0.5995049995592248
update_jitter_loss,SRCBF,outward_escape,0.5,0.6,0.1,0.1,0.45,inward,11,arrived,0.07931317504682012,9.06785232231723,1,0.592877783024076
update_jitter_loss,SRCBF,outward_escape,0.5,0.6,0.1,0.1,0.45,inward,12,arrived,0.06560224508648027,8.49226988335488,0,0.5983418666915363
update_jitter_loss,SRCBF,outward_escape,0.5,0.6,0.1,0.1,0.45,inward,13,arrived,0.07788253499524267,9.024126707031238,1,0.5994147683679978
update_jitter_loss,SRCBF,outward_escape,0.5,0.6,0.1,0.1,0.45,inward,14,arrived,0.07112877924755712,9.241324432226017,1,0.5868446993786568
update_jitter_loss,SRCBF,outward_escape,0.5,0.6,0.1,0.1,0.45,inward,15,arrived,0.06431672960564538,8.556274722375457,0,0.5818050798703148
update_jitter_loss,SRCBF,outward_escape,0.5,0.6,0.1,0.1,0.45,inward,16,arrived,0.08709315677294371,7.752350978208721,2,0.5896234511212414
update_jitter_loss,SRCBF,outward_escape,0.5,0.6,0.1,0.1,0.45,inward,17,arrived,0.06264147890832039,8.415569157363699,0,0.5983488341324531
update_jitter_loss,SRCBF,outward_escape,0.5,0.6,0.1,0.1,0.45,inward,18,arrived,0.08919475535796317,8.946503379025028,2,0.5976839725655526
update_jitter_loss,SRCBF,outward_escape,0.5,0.6,0.1,0.1,0.45,inward,19,arrived,0.07217863742967867,8.004662221849957,1,0.5743185087895493
update_jitter_loss,CAP,hold_previous,0.5,0.6,0.1,0.1,0.15,bias,0,arrived,0.0974936162152712,10.614513110826902,2,0.5963659929779235
update_jitter_loss,CAP,hold_previous,0.5,0.6,0.1,0.1,0.15,bias,1,arrived,0.03693979582713225,7.165514255214897,1,0.5993035965427649
update_jitter_loss,CAP,hold_previous,0.5,0.6,0.1,0.1,0.15,bias,2,arrived,0.10303782194433475,10.879757114641322,2,0.5942287066858284
update_jitter_loss,CAP,hold_previous,0.5,0.6,0.1,0.1,0.15,bias,3,arrived,0.07751257930260369,10.534187019833752,3,0.5687513780769096
update_jitter_loss,CAP,hold_previous,0.5,0.6,0.1,0.1,0.15,bias,4,arrived,0.14825198090238234,10.192740773331996,4,0.5784545719573086
update_jitter_loss,CAP,hold_previous,0.5,0.6,0.1,0.1,0.15,bias,5,violation,-0.2968083978493753,2.5591830669612703,2,0.5717269298734071
update_jitter_loss,CAP,hold_previous,0.5,0.6,0.1,0.1,0.15,bias,6,arrived,0.12157011793141281,11.000260819167325,3,0.5963893996256332
update_jitter_loss,CAP,hold_previous,0.5,0.6,0.1,0.1,0.15,bias,7,arrived,0.0550850244008011,7.299344932895641,2,0.5681200144508946
update_jitter_loss,CAP,hold_previous,0.5,0.6,0.1,0.1,0.15,bias,8,arrived,0.023690372510552393,7.601923900773104,0,0.5927040552532694
update_jitter_loss,CAP,hold_previous,0.5,0.6,0.1,0.1,0.15,bias,9,violation,-0.01626181851740338,3.474803574111455,2,0.575226156144581
update_jitter_loss,CAP,hold_previous,0.5,0.6,0.1,0.1,0.15,bias,10,arrived,0.07904601998722915,9.37740815294504,0,0.5829438567662885
update_jitter_loss,CAP,hold_previous,0.5,0.6,0.1,0.1,0.15,bias,11,arrived,0.14744680605716443,10.898665088694372,0,0.5592966578586067
update_jitter_loss,CAP,hold_previous,0.5,0.6,0.1,0.1,0.15,bias,12,arrived,0.04692304976671702,7.4995936604480535,1,0.5936689679462674
update_jitter_loss,CAP,hold_previous,0.5,0.6,0.1,0.1,0.15,bias,13,arrived,0.07262062328996499,8.130784605866083,2,0.5688205239976671
update_jitter_loss,CAP,hold_previous,0.5,0.6,0.1,0.1,0.15,bias,14,violation,-0.017888737780572872,2.4071833361213657,2,0.5807944348162902
update_jitter_loss,CAP,hold_previous,0.5,0.6,0.1,0.1,0.15,bias,15,violation,-0.2347252574056723,2.450716229099641,1,0.5676811447527392
update_jitter_loss,CAP,hold_previous,0.5,0.6,0.1,0.1,0.15,bias,16,arrived,0.12336829377431768,14.418541497329615,5,0.5999755200378518
update_jitter_loss,CAP,hold_previous,0.5,0.6,0.1,0.1,0.15,bias,17,arrived,0.051976239024270954,9.442412555591003,1,0.5943568920479507
update_jitter_loss,CAP,hold_previous,0.5,0.6,0.1,0.1,0.15,bias,18,arrived,0.15296339909371648,9.356399513035315,3,0.598781160596667
update_jitter_loss,CAP,hold_previous,0.5,0.6,0.1,0.1,0.15,bias,19,arrived,0.05481609704305057,7.27653860201135,2,0.5934755644470173
update_jitter_loss,CAP,hold_previous,0.5,0.6,0.1,0.1,0.15,inward,0,arrived,0.008835700135957802,9.73442179836498,2,0.5520107660225057
update_jitter_loss,CAP,hold_previous,0.5,0.6,0.1,0.1,0.15,inward,1,arrived,0.010254262555043914,9.446491607597816,1,0.5920023202862874
update_jitter_loss,CAP,hold_previous,0.5,0.6,0.1,0.1,0.15,inward,2,arrived,0.011574516370296606,9.672329397020977,1,0.592668383143593
update_jitter_loss,CAP,hold_previous,0.5,0.6,0.1,0.1,0.15,inward,3,arrived,0.017021951543604086,9.332483649656584,0,0.5996125224231483
update_jitter_loss,CAP,hold_previous,0.5,0.6,0.1,0.1,0.15,inward,4,arrived,0.008140750467036217,10.022573646182956,2,0.5898821132943004
update_jitter_loss,CAP,hold_previous,0.5,0.6,0.1,0.1,0.15,inward,5,violation,-0.3384023167045595,2.5771599291849956,1,0.595183451302103
update_jitter_loss,CAP,hold_previous,0.5,0.6,0.1,0.1,0.15,inward,6,violation,-0.06652441725384961,2.9614570324027536,1,0.5918184859251179
update_jitter_loss,CAP,hold_previous,0.5,0.6,0.1,0.1,0.15,inward,7,violation,-0.367375699941932,2.975828469200788,3,0.5646605521510353
update_jitter_loss,CAP,hold_previous,0.5,0.6,0.1,0.1,0.15,inward,8,violation,-0.02393613041742748,2.924607866403637,1,0.5863604520833768
update_jitter_loss,CAP,hold_previous,0.5,0.6,0.1,0.1,0.15,inward,9,violation,-0.16139993324424573,2.1158885639073794,1,0.552127397355655
update_jitter_loss,CAP,hold_previous,0.5,0.6,0.1,0.1,0.15,inward,10,violation,-0.023087613890323655,3.4628503599827805,3,0.5905195478000922
update_jitter_loss,CAP,hold_previous,0.5,0.6,0.1,0.1,0.15,inward,11,arrived,0.008249562907328256,9.595743371689931,0,0.5937560069869491
update_jitter_loss,CAP,hold_previous,0.5,0.6,0.1,0.1,0.15,inward,12,violation,-0.3986660756308273,2.447694088519295,1,0.5702863699889921
update_jitter_loss,CAP,hold_previous,0.5,0.6,0.1,0.1,0.15,inward,13,violation,-0.32807993403078234,2.475423597054816,1,0.5539876809794059
update_jitter_loss,CAP,hold_previous,0.5,0.6,0.1,0.1,0.15,inward,14,arrived,0.00879659924845333,9.060860757935215,1,0.591311836449723
update_jitter_loss,CAP,hold_previous,0.5,0.6,0.1,0.1,0.15,inward,15,arrived,0.01023771779842586,8.563080167418475,1,0.5613197039660287
update_jitter_loss,CAP,hold_previous,0.5,0.6,0.1,0.1,0.15,inward,16,arrived,0.01262968418692878,9.689013690329306,3,0.5608030792465292
update_jitter_loss,CAP,hold_previous,0.5,0.6,0.1,0.1,0.15,inward,17,arrived,0.005263640148104987,9.201249820425051,3,0.5872829187234578
update_jitter_loss,CAP,hold_previous,0.5,0.6,0.1,0.1,0.15,inward,18,arrived,0.008667928634800925,9.594056615416315,1,0.5995099555766767
update_jitter_loss,CAP,hold_previous,0.5,0.6,0.1,0.1,0.15,inward,19,arrived,0.007967277507644921,9.470165644233383,3,0.5804821279475895
update_jitter_loss,CAP,hold_previous,0.5,0.6,0.1,0.1,0.45,bias,0,arrived,0.065015811870622,8.933923359128814,1,0.5654400273037055
update_jitter_loss,CAP,hold_previous,0.5,0.6,0.1,0.1,0.45,bias,1,arrived,0.09714527832446729,7.0835988010536655,1,0.5533544133980686
update_jitter_loss,CAP,hold_previous,0.5,0.6,0.1,0.1,0.45,bias,2,arrived,0.030290639892116666,9.241434033618221,4,0.5998522282669654
update_jitter_loss,CAP,hold_previous,0.5,0.6,0.1,0.1,0.45,bias,3,arrived,0.05275317099926102,7.735122151653842,3,0.5918246869449199
update_jitter_loss,CAP,hold_previous,0.5,0.6,0.1,0.1,0.45,bias,4,arrived,0.16003310228152212,9.38157319274751,1,0.5983673998833083
update_jitter_loss,CAP,hold_previous,0.5,0.6,0.1,0.1,0.45,bias,5,arrived,0.18778378848933786,8.797188821600974,4,0.5903592365188765
update_jitter_loss,CAP,hold_previous,0.5,0.6,0.1,0.1,0.45,bias,6,arrived,0.09261993993632511,9.567830630153393,1,0.5954495672879383
update_jitter_loss,CAP,hold_previous,0.5,0.6,0.1,0.1,0.45,bias,7,arrived,0.11920328600521979,6.651841490539545,1,0.5869234102523126
update_jitter_loss,CAP,hold_previous,0.5,0.6,0.1,0.1,0.45,bias,8,violation,-0.02679696385893815,2.142060553243187,1,0.5982487636303293
update_jitter_loss,CAP,hold_previous,0.5,0.6,0.1,0.1,0.45,bias,9,arrived,0.07030552583604088,8.338426150871665,2,0.5938109125656125
update_jitter_loss,CAP,hold_previous,0.5,0.6,0.1,0.1,0.45,bias,10,arrived,0.02721258147597705,8.739727408995847,2,0.5794334777312593
update_jitter_loss,CAP,hold_previous,0.5,0.6,0.1,0.1,0.45,bias,11,arrived,0.16222018965505436,9.262252336883172,1,0.5954113539908796
update_jitter_loss,CAP,hold_previous,0.5,0.6,0.1,0.1,0.45,bias,12,arrived,0.10584392811325927,6.170231770706028,1,0.5844797645595621
update_jitter_loss,CAP,hold_previous,0.5,0.6,0.1,0.1,0.45,bias,13,arrived,0.15338953101712083,6.811388806995044,0,0.5968080248309023
update_jitter_loss,CAP,hold_previous,0.5,0.6,0.1,0.1,0.45,bias,14,arrived,0.10299486836985372,8.612868242304048,1,0.5894771487878855
update_jitter_loss,CAP,hold_previous,0.5,0.6,0.1,0.1,0.45,bias,15,arrived,0.1591041558469125,6.5682458684749525,2,0.5987765829488803
update_jitter_loss,CAP,hold_previous,0.5,0.6,0.1,0.1,0.45,bias,16,arrived,0.13041001917185613,9.4801221098021,0,0.5678907597796427
update_jitter_loss,CAP,hold_previous,0.5,0.6,0.1,0.1,0.45,bias,17,violation,-0.030487314560119327,3.497415192182276,2,0.5880693939284642
update_jitter_loss,CAP,hold_previous,0.5,0.6,0.1,0.1,0.45,bias,18,arrived,0.05272264653370107,7.787792013436416,1,0.5806199909454317
update_jitter_loss,CAP,hold_previous,0.5,0.6,0.1,0.1,0.45,bias,19,violation,-0.12017150482771377,3.07759970058222,2,0.5908929332354182
update_jitter_loss,CAP,hold_previous,0.5,0.6,0.1,0.1,0.45,inward,0,arrived,0.043318333907929274,8.179350193437692,0,0.5580757110561538
update_jitter_loss,CAP,hold_previous,0.5,0.6,0.1,0.1,0.45,inward,1,arrived,0.04681090291328138,8.303732661024416,3,0.5743646714650219
update_jitter_loss,CAP,hold_previous,0.5,0.6,0.1,0.1,0.45,inward,2,arrived,0.04600280081103225,8.12493717673539,1,0.5896095157971377
update_jitter_loss,CAP,hold_previous,0.5,0.6,0.1,0.1,0.45,inward,3,arrived,0.04356824950810256,8.087391687247825,0,0.5950786564117014
update_jitter_loss,CAP,hold_previous,0.5,0.6,0.1,0.1,0.45,inward,4,arrived,0.040543293311216866,8.236935201431098,2,0.599279394822612
update_jitter_loss,CAP,hold_previous,0.5,0.6,0.1,0.1,0.45,inward,5,violation,-0.06382433101299534,2.756213569567118,1,0.5544744354752033
update_jitter_loss,CAP,hold_previous,0.5,0.6,0.1,0.1,0.45,inward,6,arrived,0.045192296180917024,8.259491471022775,1,0.5804344413932903
update_jitter_loss,CAP,hold_previous,0.5,0.6,0.1,0.1,0.45,inward,7,arrived,0.04576443264993657,8.550333234558794,0,0.580722055304258
update_jitter_loss,CAP,hold_previous,0.5,0.6,0.1,0.1,0.45,inward,8,violation,-0.258363986348883,3.3197191657286877,3,0.5766711777156603
update_jitter_loss,CAP,hold_previous,0.5,0.6,0.1,0.1,0.45,inward,9,arrived,0.038987013704821605,7.310325738014028,2,0.5853250588857267
update_jitter_loss,CAP,hold_previous,0.5,0.6,0.1,0.1,0.45,inward,10,arrived,0.03729940054241088,6.804649114576316,1,0.5995049995592248
update_jitter_loss,CAP,hold_previous,0.5,0.6,0.1,0.1,0.45,inward,11,arrived,0.047749729428206544,7.986647378258138,1,0.5766455485093148
update_jitter_loss,CAP,hold_previous,0.5,0.6,0.1,0.1,0.45,inward,12,arrived,0.04446727910817505,8.49226988335488,0,0.5983418666915363
update_jitter_loss,CAP,hold_previous,0.5,0.6,0.1,0.1,0.45,inward,13,arrived,0.04083968034420171,9.024126707031238,1,0.5994147683679978
update_jitter_loss,CAP,hold_previous,0.5,0.6,0.1,0.1,0.45,inward,14,arrived,0.02652110356921411,8.348787906980105,1,0.5868446993786568
update_jitter_loss,CAP,hold_previous,0.5,0.6,0.1,0.1,0.45,inward,15,arrived,0.04179823050408893,8.127857190933007,0,0.5818050798703148
update_jitter_loss,CAP,hold_previous,0.5,0.6,0.1,0.1,0.45,inward,16,violation,-0.3055163147218859,2.406040528389726,1,0.5224161011873463
update_jitter_loss,CAP,hold_previous,0.5,0.6,0.1,0.1,0.45,inward,17,arrived,0.036251977966079485,8.002367856131144,0,0.5983488341324531
update_jitter_loss,CAP,hold_previous,0.5,0.6,0.1,0.1,0.45,inward,18,violation,-0.16726987192007425,2.2503118529413975,1,0.5976839725655526
update_jitter_loss,CAP,hold_previous,0.5,0.6,0.1,0.1,0.45,inward,19,arrived,0.04535656509104902,7.445250433103292,1,0.5743185087895493
update_jitter_loss,CAP,zero_command,0.5,0.6,0.1,0.1,0.15,bias,0,arrived,0.0974936162152712,11.70845861273584,2,0.5963659929779235
update_jitter_loss,CAP,zero_command,0.5,0.6,0.1,0.1,0.15,bias,1,arrived,0.031209331563623488,7.717706970669916,1,0.5993035965427649
update_jitter_loss,CAP,zero_command,0.5,0.6,0.1,0.1,0.15,bias,2,arrived,0.10303782194433475,12.399771050837408,2,0.5942287066858284
update_jitter_loss,CAP,zero_command,0.5,0.6,0.1,0.1,0.15,bias,3,arrived,0.08368294363827788,12.639211038886215,4,0.5687513780769096
update_jitter_loss,CAP,zero_command,0.5,0.6,0.1,0.1,0.15,bias,4,arrived,0.14836453333504462,15.145665783939648,6,0.5990311222984377
update_jitter_loss,CAP,zero_command,0.5,0.6,0.1,0.1,0.15,bias,5,arrived,0.0960815467950975,9.105480420131466,3,0.5905931301377447
update_jitter_loss,CAP,zero_command,0.5,0.6,0.1,0.1,0.15,bias,6,arrived,0.1239529164837927,14.656534990169325,5,0.5963893996256332
update_jitter_loss,CAP,zero_command,0.5,0.6,0.1,0.1,0.15,bias,7,arrived,0.07414524633068797,8.18356148933248,2,0.5681200144508946
update_jitter_loss,CAP,zero_command,0.5,0.6,0.1,0.1,0.15,bias,8,arrived,0.023690372510552393,7.601923900773104,0,0.5927040552532694
update_jitter_loss,CAP,zero_command,0.5,0.6,0.1,0.1,0.15,bias,9,arrived,0.1191980033496306,12.812140767503704,6,0.5958276660245969
update_jitter_loss,CAP,zero_command,0.5,0.6,0.1,0.1,0.15,bias,10,arrived,0.07904601998722915,9.37740815294504,0,0.5829438567662885
update_jitter_loss,CAP,zero_command,0.5,0.6,0.1,0.1,0.15,bias,11,arrived,0.14744680605716443,10.898665088694372,0,0.5592966578586067
update_jitter_loss,CAP,zero_command,0.5,0.6,0.1,0.1,0.15,bias,12,arrived,0.04692304976671702,7.91284845571011,1,0.5936689679462674
update_jitter_loss,CAP,zero_command,0.5,0.6,0.1,0.1,0.15,bias,13,arrived,0.07262062328996499,8.677256110613312,2,0.5688205239976671
update_jitter_loss,CAP,zero_command,0.5,0.6,0.1,0.1,0.15,bias,14,arrived,0.13423609829003103,12.737388500553383,3,0.598206236625383
update_jitter_loss,CAP,zero_command,0.5,0.6,0.1,0.1,0.15,bias,15,arrived,0.11084782900989287,8.331268698859576,1,0.5920685276022897
update_jitter_loss,CAP,zero_command,0.5,0.6,0.1,0.1,0.15,bias,16,arrived,0.13541325965536555,20.941369990527406,5,0.5999755200378518
update_jitter_loss,CAP,zero_command,0.5,0.6,0.1,0.1,0.15,bias,17,arrived,0.051976239024270954,11.275701368757959,2,0.5943568920479507
update_jitter_loss,CAP,zero_command,0.5,0.6,0.1,0.1,0.15,bias,18,arrived,0.15862338956146627,10.325122791265166,3,0.598781160596667
update_jitter_loss,CAP,zero_command,0.5,0.6,0.1,0.1,0.15,bias,19,arrived,0.05481609704305057,8.609886239528166,3,0.5934755644470173
update_jitter_loss,CAP,zero_command,0.5,0.6,0.1,0.1,0.15,inward,0,arrived,0.008835700135957802,12.688266117226922,4,0.5880082420617365
update_jitter_loss,CAP,zero_command,0.5,0.6,0.1,0.1,0.15,inward,1,arrived,0.010254262555043914,10.024516209961407,1,0.5920023202862874
update_jitter_loss,CAP,zero_command,0.5,0.6,0.1,0.1,0.15,inward,2,arrived,0.008911847370751458,10.156089609681894,1,0.592668383143593
update_jitter_loss,CAP,zero_command,0.5,0.6,0.1,0.1,0.15,inward,3,arrived,0.017021951543604086,9.332483649656584,0,0.5996125224231483
update_jitter_loss,CAP,zero_command,0.5,0.6,0.1,0.1,0.15,inward,4,violation,-0.003005475419244008,5.04077394554318,1,0.5898821132943004
update_jitter_loss,CAP,zero_command,0.5,0.6,0.1,0.1,0.15,inward,5,violation,-0.0013859731577186007,2.5771599291849956,1,0.595183451302103
update_jitter_loss,CAP,zero_command,0.5,0.6,0.1,0.1,0.15,inward,6,violation,-0.04981558909441297,2.9614570324027536,1,0.5918184859251179
update_jitter_loss,CAP,zero_command,0.5,0.6,0.1,0.1,0.15,inward,7,arrived,0.008765174617090032,10.880934079969853,3,0.5817854896645702
update_jitter_loss,CAP,zero_command,0.5,0.6,0.1,0.1,0.15,inward,8,violation,-0.018237684369256657,2.924607866403637,1,0.5863604520833768
update_jitter_loss,CAP,zero_command,0.5,0.6,0.1,0.1,0.15,inward,9,arrived,0.010053754115487479,10.21932352611407,1,0.5858125130149894
update_jitter_loss,CAP,zero_command,0.5,0.6,0.1,0.1,0.15,inward,10,arrived,0.002348364218434984,12.477213113339824,5,0.5905195478000922
update_jitter_loss,CAP,zero_command,0.5,0.6,0.1,0.1,0.15,inward,11,arrived,0.008249562907328256,9.595743371689931,0,0.5937560069869491
update_jitter_loss,CAP,zero_command,0.5,0.6,0.1,0.1,0.15,inward,12,arrived,0.011561637981202466,9.962009355717235,1,0.5996181400829239
update_jitter_loss,CAP,zero_command,0.5,0.6,0.1,0.1,0.15,inward,13,arrived,0.006263824830315401,12.389413011659633,3,0.5997100538485933
update_jitter_loss,CAP,zero_command,0.5,0.6,0.1,0.1,0.15,inward,14,arrived,0.00879659924845333,11.605498343188103,2,0.591311836449723
update_jitter_loss,CAP,zero_command,0.5,0.6,0.1,0.1,0.15,inward,15,arrived,0.01023771779842586,10.167687843286314,1,0.5824492580826308
update_jitter_loss,CAP,zero_command,0.5,0.6,0.1,0.1,0.15,inward,16,arrived,0.01262968418692878,11.412831141136904,3,0.5972434233318419
update_jitter_loss,CAP,zero_command,0.5,0.6,0.1,0.1,0.15,inward,17,violation,-0.027808130147475518,4.484372239938691,1,0.5872829187234578
update_jitter_loss,CAP,zero_command,0.5,0.6,0.1,0.1,0.15,inward,18,violation,-0.04620246430981334,3.4452848619306526,1,0.5995099555766767
update_jitter_loss,CAP,zero_command,0.5,0.6,0.1,0.1,0.15,inward,19,arrived,0.007967277507644921,11.340394999300342,3,0.5804821279475895
update_jitter_loss,CAP,zero_command,0.5,0.6,0.1,0.1,0.45,bias,0,arrived,0.065015811870622,10.01887761066463,1,0.5654400273037055
update_jitter_loss,CAP,zero_command,0.5,0.6,0.1,0.1,0.45,bias,1,arrived,0.09714527832446729,6.6807779243783285,1,0.5533544133980686
update_jitter_loss,CAP,zero_command,0.5,0.6,0.1,0.1,0.45,bias,2,arrived,0.07435558933308284,13.086779789541218,5,0.5998522282669654
update_jitter_loss,CAP,zero_command,0.5,0.6,0.1,0.1,0.45,bias,3,arrived,0.015810371005684054,9.86558894397982,3,0.5918246869449199
update_jitter_loss,CAP,zero_command,0.5,0.6,0.1,0.1,0.45,bias,4,arrived,0.16003310228152212,9.90127929689307,1,0.5983673998833083
update_jitter_loss,CAP,zero_command,0.5,0.6,0.1,0.1,0.45,bias,5,arrived,0.18778378848933786,9.2573639071172,4,0.5903592365188765
update_jitter_loss,CAP,zero_command,0.5,0.6,0.1,0.1,0.45,bias,6,arrived,0.09226001772254067,11.050775084071933,2,0.5954495672879383
update_jitter_loss,CAP,zero_command,0.5,0.6,0.1,0.1,0.45,bias,7,arrived,0.13680336253664505,7.249786575726593,1,0.5979450851870476
update_jitter_loss,CAP,zero_command,0.5,0.6,0.1,0.1,0.45,bias,8,arrived,0.09028539062111418,7.328110154320107,2,0.5982487636303293
update_jitter_loss,CAP,zero_command,0.5,0.6,0.1,0.1,0.45,bias,9,arrived,0.07014562211690845,10.456464201553175,2,0.5938109125656125
update_jitter_loss,CAP,zero_command,0.5,0.6,0.1,0.1,0.45,bias,10,arrived,0.028489904679618316,10.64445778825651,3,0.5794334777312593
update_jitter_loss,CAP,zero_command,0.5,0.6,0.1,0.1,0.45,bias,11,arrived,0.16222018965505436,9.7562656086385,1,0.5954113539908796
update_jitter_loss,CAP,zero_command,0.5,0.6,0.1,0.1,0.45,bias,12,arrived,0.09373251236494184,6.637043776670116,1,0.5844797645595621
update_jitter_loss,CAP,zero_command,0.5,0.6,0.1,0.1,0.45,bias,13,arrived,0.15338953101712083,6.811388806995044,0,0.5968080248309023
update_jitter_loss,CAP,zero_command,0.5,0.6,0.1,0.1,0.45,bias,14,arrived,0.10299486836985372,10.079009951026306,1,0.5894771487878855
update_jitter_loss,CAP,zero_command,0.5,0.6,0.1,0.1,0.45,bias,15,arrived,0.16842485438582822,8.034327158286345,2,0.5987765829488803
update_jitter_loss,CAP,zero_command,0.5,0.6,0.1,0.1,0.45,bias,16,arrived,0.13041001917185613,9.4801221098021,0,0.5678907597796427
update_jitter_loss,CAP,zero_command,0.5,0.6,0.1,0.1,0.45,bias,17,violation,-0.02624957920322113,4.60219759913744,3,0.5880693939284642
update_jitter_loss,CAP,zero_command,0.5,0.6,0.1,0.1,0.45,bias,18,arrived,0.2064275352132574,8.377557275910258,1,0.5897652624738419
update_jitter_loss,CAP,zero_command,0.5,0.6,0.1,0.1,0.45,bias,19,arrived,0.13084914700523897,7.324757664460027,2,0.5908929332354182
update_jitter_loss,CAP,zero_command,0.5,0.6,0.1,0.1,0.45,inward,0,arrived,0.043318333907929274,8.179350193437692,0,0.5580757110561538
update_jitter_loss,CAP,zero_command,0.5,0.6,0.1,0.1,0.45,inward,1,arrived,0.04681090291328138,9.877714246715078,3,0.5809296974642196
update_jitter_loss,CAP,zero_command,0.5,0.6,0.1,0.1,0.45,inward,2,arrived,0.04600280081103225,8.651093508290261,1,0.5896095157971377
update_jitter_loss,CAP,zero_command,0.5,0.6,0.1,0.1,0.45,inward,3,arrived,0.04356824950810256,8.087391687247825,0,0.5950786564117014
update_jitter_loss,CAP,zero_command,0.5,0.6,0.1,0.1,0.45,inward,4,arrived,0.02745839091057356,9.63145465463729,2,0.599279394822612
update_jitter_loss,CAP,zero_command,0.5,0.6,0.1,0.1,0.45,inward,5,arrived,0.027476457078677408,9.433302608487963,2,0.5927907883264552
update_jitter_loss,CAP,zero_command,0.5,0.6,0.1,0.1,0.45,inward,6,arrived,0.045192296180917024,8.713425091962536,1,0.5804344413932903
update_jitter_loss,CAP,zero_command,0.5,0.6,0.1,0.1,0.45,inward,7,arrived,0.04576443264993657,8.550333234558794,0,0.580722055304258
update_jitter_loss,CAP,zero_command,0.5,0.6,0.1,0.1,0.45,inward,8,arrived,0.052439246133837325,11.585523030918225,6,0.5786393816646677
update_jitter_loss,CAP,zero_command,0.5,0.6,0.1,0.1,0.45,inward,9,arrived,0.038987013704821605,10.76374667340392,3,0.5853250588857267
update_jitter_loss,CAP,zero_command,0.5,0.6,0.1,0.1,0.45,inward,10,arrived,0.03729940054241088,9.175186695295766,1,0.5995049995592248
update_jitter_loss,CAP,zero_command,0.5,0.6,0.1,0.1,0.45,inward,11,arrived,0.036337108358893255,8.474974539293154,1,0.5766455485093148
update_jitter_loss,CAP,zero_command,0.5,0.6,0.1,0.1,0.45,inward,12,arrived,0.04446727910817505,8.49226988335488,0,0.5983418666915363
update_jitter_loss,CAP,zero_command,0.5,0.6,0.1,0.1,0.45,inward,13,arrived,0.04083968034420171,9.024126707031238,1,0.5994147683679978
update_jitter_loss,CAP,zero_command,0.5,0.6,0.1,0.1,0.45,inward,14,violation,-0.030592101972136798,3.08748931580046,1,0.5868446993786568
update_jitter_loss,CAP,zero_command,0.5,0.6,0.1,0.1,0.45,inward,15,arrived,0.04179823050408893,8.127857190933007,0,0.5818050798703148
update_jitter_loss,CAP,zero_command,0.5,0.6,0.1,0.1,0.45,inward,16,arrived,0.035390648706717154,10.241665624223126,3,0.5896234511212414
update_jitter_loss,CAP,zero_command,0.5,0.6,0.1,0.1,0.45,inward,17,arrived,0.036251977966079485,8.002367856131144,0,0.5983488341324531
update_jitter_loss,CAP,zero_command,0.5,0.6,0.1,0.1,0.45,inward,18,arrived,0.027797017493253806,9.501765520023717,2,0.5976839725655526
update_jitter_loss,CAP,zero_command,0.5,0.6,0.1,0.1,0.45,inward,19,arrived,0.04535656509104902,8.848450797958812,1,0.5743185087895493
update_jitter_loss,CAP,outward_escape,0.5,0.6,0.1,0.1,0.15,bias,0,arrived,0.0974936162152712,11.70845861273584,2,0.5963659929779235
update_jitter_loss,CAP,outward_escape,0.5,0.6,0.1,0.1,0.15,bias,1,arrived,0.029055880556727365,7.717706970669916,1,0.5993035965427649
update_jitter_loss,CAP,outward_escape,0.5,0.6,0.1,0.1,0.15,bias,2,arrived,0.10303782194433475,12.399771050837408,2,0.5942287066858284
update_jitter_loss,CAP,outward_escape,0.5,0.6,0.1,0.1,0.15,bias,3,arrived,0.08934831037908642,13.649634690625003,4,0.5687513780769096
update_jitter_loss,CAP,outward_escape,0.5,0.6,0.1,0.1,0.15,bias,4,arrived,0.14933127003128555,13.268315222660728,5,0.5990311222984377
update_jitter_loss,CAP,outward_escape,0.5,0.6,0.1,0.1,0.15,bias,5,arrived,0.1498958191367088,10.179243542662014,3,0.5905931301377447
update_jitter_loss,CAP,outward_escape,0.5,0.6,0.1,0.1,0.15,bias,6,arrived,0.12803117980961942,14.656534990169325,5,0.5963893996256332
update_jitter_loss,CAP,outward_escape,0.5,0.6,0.1,0.1,0.15,bias,7,arrived,0.11140563395459502,8.678533825192043,2,0.5681200144508946
update_jitter_loss,CAP,outward_escape,0.5,0.6,0.1,0.1,0.15,bias,8,arrived,0.023690372510552393,7.601923900773104,0,0.5927040552532694
update_jitter_loss,CAP,outward_escape,0.5,0.6,0.1,0.1,0.15,bias,9,arrived,0.1191980033496306,13.809865910329208,6,0.5958276660245969
update_jitter_loss,CAP,outward_escape,0.5,0.6,0.1,0.1,0.15,bias,10,arrived,0.07904601998722915,9.37740815294504,0,0.5829438567662885
update_jitter_loss,CAP,outward_escape,0.5,0.6,0.1,0.1,0.15,bias,11,arrived,0.14744680605716443,10.898665088694372,0,0.5592966578586067
update_jitter_loss,CAP,outward_escape,0.5,0.6,0.1,0.1,0.15,bias,12,arrived,0.04692304976671702,9.916244925580314,1,0.5936689679462674
update_jitter_loss,CAP,outward_escape,0.5,0.6,0.1,0.1,0.15,bias,13,arrived,0.07262062328996499,9.256262460357513,2,0.5790063497442018
update_jitter_loss,CAP,outward_escape,0.5,0.6,0.1,0.1,0.15,bias,14,arrived,0.12913686924423795,13.2283404876615,3,0.598206236625383
update_jitter_loss,CAP,outward_escape,0.5,0.6,0.1,0.1,0.15,bias,15,arrived,0.11609822628196798,8.331268698859576,1,0.5920685276022897
update_jitter_loss,CAP,outward_escape,0.5,0.6,0.1,0.1,0.15,bias,16,arrived,0.12169243790030515,20.519785739904947,5,0.5999755200378518
update_jitter_loss,CAP,outward_escape,0.5,0.6,0.1,0.1,0.15,bias,17,arrived,0.051976239024270954,12.376210240055507,2,0.5943568920479507
update_jitter_loss,CAP,outward_escape,0.5,0.6,0.1,0.1,0.15,bias,18,arrived,0.17568127209302276,11.497436351680161,3,0.5992398875086095
update_jitter_loss,CAP,outward_escape,0.5,0.6,0.1,0.1,0.15,bias,19,arrived,0.05481609704305057,9.979493381433633,3,0.5934755644470173
update_jitter_loss,CAP,outward_escape,0.5,0.6,0.1,0.1,0.15,inward,0,arrived,0.008835700135957802,9.73442179836498,2,0.5520107660225057
update_jitter_loss,CAP,outward_escape,0.5,0.6,0.1,0.1,0.15,inward,1,arrived,0.010254262555043914,9.446491607597816,1,0.5920023202862874
update_jitter_loss,CAP,outward_escape,0.5,0.6,0.1,0.1,0.15,inward,2,arrived,0.010782933220068847,10.156089609681894,1,0.592668383143593
update_jitter_loss,CAP,outward_escape,0.5,0.6,0.1,0.1,0.15,inward,3,arrived,0.017021951543604086,9.332483649656584,0,0.5996125224231483
update_jitter_loss,CAP,outward_escape,0.5,0.6,0.1,0.1,0.15,inward,4,arrived,0.008140750467036217,10.498480936223048,2,0.5898821132943004
update_jitter_loss,CAP,outward_escape,0.5,0.6,0.1,0.1,0.15,inward,5,arrived,0.014292785262320584,13.129359700231094,6,0.5993985543053876
update_jitter_loss,CAP,outward_escape,0.5,0.6,0.1,0.1,0.15,inward,6,arrived,0.006516896081622203,9.990096869891413,1,0.5918184859251179
update_jitter_loss,CAP,outward_escape,0.5,0.6,0.1,0.1,0.15,inward,7,arrived,0.015632137853818562,11.88803672630623,3,0.5817854896645702
update_jitter_loss,CAP,outward_escape,0.5,0.6,0.1,0.1,0.15,inward,8,arrived,0.028320853309642402,9.88510652062072,2,0.5932247867028718
update_jitter_loss,CAP,outward_escape,0.5,0.6,0.1,0.1,0.15,inward,9,arrived,0.013501196906345436,10.62456544353917,1,0.5858125130149894
update_jitter_loss,CAP,outward_escape,0.5,0.6,0.1,0.1,0.15,inward,10,arrived,0.012177720191474228,13.300872992004066,5,0.5905195478000922
update_jitter_loss,CAP,outward_escape,0.5,0.6,0.1,0.1,0.15,inward,11,arrived,0.008249562907328256,9.595743371689931,0,0.5937560069869491
update_jitter_loss,CAP,outward_escape,0.5,0.6,0.1,0.1,0.15,inward,12,arrived,0.0206288847583469,9.962009355717235,1,0.5996181400829239
update_jitter_loss,CAP,outward_escape,0.5,0.6,0.1,0.1,0.15,inward,13,arrived,0.005001715973603105,11.466126757768718,3,0.5997100538485933
update_jitter_loss,CAP,outward_escape,0.5,0.6,0.1,0.1,0.15,inward,14,arrived,0.00879659924845333,9.493939558844046,1,0.591311836449723
update_jitter_loss,CAP,outward_escape,0.5,0.6,0.1,0.1,0.15,inward,15,arrived,0.01023771779842586,8.563080167418475,1,0.5613197039660287
update_jitter_loss,CAP,outward_escape,0.5,0.6,0.1,0.1,0.15,inward,16,arrived,0.01262968418692878,10.883341221803759,3,0.5972434233318419
update_jitter_loss,CAP,outward_escape,0.5,0.6,0.1,0.1,0.15,inward,17,arrived,0.005263640148104987,10.168684150745786,3,0.5872829187234578
update_jitter_loss,CAP,outward_escape,0.5,0.6,0.1,0.1,0.15,inward,18,arrived,0.008667928634800925,10.024525282675,1,0.5995099555766767
update_jitter_loss,CAP,outward_escape,0.5,0.6,0.1,0.1,0.15,inward,19,arrived,0.007967277507644921,9.891495148637564,3,0.5804821279475895
update_jitter_loss,CAP,outward_escape,0.5,0.6,0.1,0.1,0.45,bias,0,arrived,0.065015811870622,10.01887761066463,1,0.5654400273037055
update_jitter_loss,CAP,outward_escape,0.5,0.6,0.1,0.1,0.45,bias,1,arrived,0.09714527832446729,8.212224021116654,1,0.5663118697793013
update_jitter_loss,CAP,outward_escape,0.5,0.6,0.1,0.1,0.45,bias,2,arrived,0.07629448799786642,14.588980880432365,6,0.5998522282669654
update_jitter_loss,CAP,outward_escape,0.5,0.6,0.1,0.1,0.45,bias,3,arrived,0.05275317099926102,8.868203010055087,3,0.5918246869449199
update_jitter_loss,CAP,outward_escape,0.5,0.6,0.1,0.1,0.45,bias,4,arrived,0.16003310228152212,9.38157319274751,1,0.5983673998833083
update_jitter_loss,CAP,outward_escape,0.5,0.6,0.1,0.1,0.45,bias,5,arrived,0.436008171453377,10.718067858601982,4,0.5903592365188765
update_jitter_loss,CAP,outward_escape,0.5,0.6,0.1,0.1,0.45,bias,6,arrived,0.09402607753718217,10.566264327913988,2,0.5954495672879383
update_jitter_loss,CAP,outward_escape,0.5,0.6,0.1,0.1,0.45,bias,7,arrived,0.1372267908912912,7.249786575726593,1,0.5979450851870476
update_jitter_loss,CAP,outward_escape,0.5,0.6,0.1,0.1,0.45,bias,8,arrived,0.1173459513391889,7.328110154320107,2,0.5982487636303293
update_jitter_loss,CAP,outward_escape,0.5,0.6,0.1,0.1,0.45,bias,9,arrived,0.07003614601243424,10.016404314665541,2,0.5938109125656125
update_jitter_loss,CAP,outward_escape,0.5,0.6,0.1,0.1,0.45,bias,10,arrived,0.04237829537446369,9.716821087962874,3,0.5794334777312593
update_jitter_loss,CAP,outward_escape,0.5,0.6,0.1,0.1,0.45,bias,11,arrived,0.16222018965505436,9.7562656086385,1,0.5954113539908796
update_jitter_loss,CAP,outward_escape,0.5,0.6,0.1,0.1,0.45,bias,12,arrived,0.11298818874518912,7.232415955973322,1,0.5953721793032063
update_jitter_loss,CAP,outward_escape,0.5,0.6,0.1,0.1,0.45,bias,13,arrived,0.15338953101712083,6.811388806995044,0,0.5968080248309023
update_jitter_loss,CAP,outward_escape,0.5,0.6,0.1,0.1,0.45,bias,14,arrived,0.10299486836985372,8.205477510302607,1,0.5894771487878855
update_jitter_loss,CAP,outward_escape,0.5,0.6,0.1,0.1,0.45,bias,15,arrived,0.19229827973180103,8.60069050224474,2,0.5987765829488803
update_jitter_loss,CAP,outward_escape,0.5,0.6,0.1,0.1,0.45,bias,16,arrived,0.13041001917185613,9.4801221098021,0,0.5678907597796427
update_jitter_loss,CAP,outward_escape,0.5,0.6,0.1,0.1,0.45,bias,17,arrived,0.04069762895731488,10.971738154159969,5,0.5982200799005467
update_jitter_loss,CAP,outward_escape,0.5,0.6,0.1,0.1,0.45,bias,18,arrived,0.2064275352132574,8.377557275910258,1,0.5897652624738419
update_jitter_loss,CAP,outward_escape,0.5,0.6,0.1,0.1,0.45,bias,19,arrived,0.18355821822202723,7.875015475065123,2,0.5908929332354182
update_jitter_loss,CAP,outward_escape,0.5,0.6,0.1,0.1,0.45,inward,0,arrived,0.043318333907929274,8.179350193437692,0,0.5580757110561538
update_jitter_loss,CAP,outward_escape,0.5,0.6,0.1,0.1,0.45,inward,1,arrived,0.04681090291328138,8.742170496267878,3,0.5743646714650219
update_jitter_loss,CAP,outward_escape,0.5,0.6,0.1,0.1,0.45,inward,2,arrived,0.04600280081103225,8.12493717673539,1,0.5896095157971377
update_jitter_loss,CAP,outward_escape,0.5,0.6,0.1,0.1,0.45,inward,3,arrived,0.04356824950810256,8.087391687247825,0,0.5950786564117014
update_jitter_loss,CAP,outward_escape,0.5,0.6,0.1,0.1,0.45,inward,4,arrived,0.04760057280395469,9.114427669645007,2,0.599279394822612
update_jitter_loss,CAP,outward_escape,0.5,0.6,0.1,0.1,0.45,inward,5,arrived,0.0749998934823286,8.901280108518762,2,0.5927907883264552
update_jitter_loss,CAP,outward_escape,0.5,0.6,0.1,0.1,0.45,inward,6,arrived,0.045192296180917024,8.259491471022775,1,0.5804344413932903
update_jitter_loss,CAP,outward_escape,0.5,0.6,0.1,0.1,0.45,inward,7,arrived,0.04576443264993657,8.550333234558794,0,0.580722055304258
update_jitter_loss,CAP,outward_escape,0.5,0.6,0.1,0.1,0.45,inward,8,arrived,0.053563129786610486,11.585523030918225,6,0.5786393816646677
update_jitter_loss,CAP,outward_escape,0.5,0.6,0.1,0.1,0.45,inward,9,arrived,0.038987013704821605,7.310325738014028,2,0.5853250588857267
update_jitter_loss,CAP,outward_escape,0.5,0.6,0.1,0.1,0.45,inward,10,arrived,0.03729940054241088,6.804649114576316,1,0.5995049995592248
update_jitter_loss,CAP,outward_escape,0.5,0.6,0.1,0.1,0.45,inward,11,arrived,0.05942106950101167,9.06785232231723,1,0.592877783024076
update_jitter_loss,CAP,outward_escape,0.5,0.6,0.1,0.1,0.45,inward,12,arrived,0.04446727910817505,8.49226988335488,0,0.5983418666915363
update_jitter_loss,CAP,outward_escape,0.5,0.6,0.1,0.1,0.45,inward,13,arrived,0.05141111486096006,9.024126707031238,1,0.5994147683679978
update_jitter_loss,CAP,outward_escape,0.5,0.6,0.1,0.1,0.45,inward,14,arrived,0.02652110356921411,8.771059979752179,1,0.5868446993786568
update_jitter_loss,CAP,outward_escape,0.5,0.6,0.1,0.1,0.45,inward,15,arrived,0.04179823050408893,8.127857190933007,0,0.5818050798703148
update_jitter_loss,CAP,outward_escape,0.5,0.6,0.1,0.1,0.45,inward,16,arrived,0.05973870860106334,7.275859040317869,2,0.5896234511212414
update_jitter_loss,CAP,outward_escape,0.5,0.6,0.1,0.1,0.45,inward,17,arrived,0.036251977966079485,8.002367856131144,0,0.5983488341324531
update_jitter_loss,CAP,outward_escape,0.5,0.6,0.1,0.1,0.45,inward,18,arrived,0.06748545051747812,8.946503379025028,2,0.5976839725655526
update_jitter_loss,CAP,outward_escape,0.5,0.6,0.1,0.1,0.45,inward,19,arrived,0.04535656509104902,7.445250433103292,1,0.5743185087895493
